<?xml version = '1.0' encoding = 'UTF-8'?>
<Diagram class="oracle.dbtools.crest.swingui.relational.DPVRelational" name="Relational_1" id="3D9BB9EC-F8DB-1E50-988C-339492F6BD0E">
<createdBy>Matizbychu</createdBy>
<modifiedBy>Matizbychu</modifiedBy>
<createdTime>2019-12-16 19:09:55 UTC</createdTime>
<autoRoute>false</autoRoute>
<boxInbox>true</boxInbox>
<showLegend>false</showLegend>
<showLabels>false</showLabels>
<showRelAttributes>false</showRelAttributes>
<gridEnabled>false</gridEnabled>
<showGrid>false</showGrid>
<diagramColor>-1</diagramColor>
<display>false</display>
<notation>1</notation>
<objectViews>
<OView class="oracle.dbtools.crest.swingui.relational.TVTable" oid="088E7611-6E28-5670-0FAD-D137DB5EF969" otype="Table" vid="A1C0DCE2-66C2-D882-DC72-B1D4E8E54F60">
<hideElementsInCurrentOnly>false</hideElementsInCurrentOnly>
<bounds x="942" y="2150" width="240" height="112"/>
</OView>
<OView class="oracle.dbtools.crest.swingui.relational.TVTable" oid="09BD07BE-D7D3-D23F-EA4E-1AC43B6E36BD" otype="Table" vid="61736CF4-2628-E1B4-88E3-F7617F5A8C9C">
<hideElementsInCurrentOnly>false</hideElementsInCurrentOnly>
<bounds x="19" y="1134" width="445" height="160"/>
</OView>
<OView class="oracle.dbtools.crest.swingui.relational.TVTable" oid="09D8AFCB-1C17-A629-9D6A-4A972B61E404" otype="Table" vid="E5FBDD2D-FA1F-5884-A471-BC3BF572CF70">
<hideElementsInCurrentOnly>false</hideElementsInCurrentOnly>
<bounds x="1126" y="1009" width="247" height="113"/>
</OView>
<OView class="oracle.dbtools.crest.swingui.relational.TVTable" oid="11BCA39F-C57D-CB9B-0193-24AB0616D912" otype="Table" vid="32321E4D-A66C-AF98-07D1-90E4AD96B5BD">
<hideElementsInCurrentOnly>false</hideElementsInCurrentOnly>
<bounds x="506" y="1468" width="284" height="220"/>
</OView>
<OView class="oracle.dbtools.crest.swingui.relational.TVTable" oid="1407D13C-5A83-55F8-CC0A-194A1A5BB547" otype="Table" vid="90E792CF-CDB5-C6CE-4EBF-E5D6C28B84CA">
<hideElementsInCurrentOnly>false</hideElementsInCurrentOnly>
<bounds x="1572" y="427" width="247" height="114"/>
</OView>
<OView class="oracle.dbtools.crest.swingui.relational.TVTable" oid="17C4CD3A-AA39-417D-7D72-67296A9596D3" otype="Table" vid="BA3F8328-2443-AF82-1E36-7ED98BDF2B32">
<hideElementsInCurrentOnly>false</hideElementsInCurrentOnly>
<bounds x="58" y="1434" width="390" height="225"/>
</OView>
<OView class="oracle.dbtools.crest.swingui.relational.TVTable" oid="18AA2BF7-62FB-7EED-82F1-35C5B83C54F9" otype="Table" vid="F6AAE40A-E7FA-53B4-94FD-83739DC20D1C">
<hideElementsInCurrentOnly>false</hideElementsInCurrentOnly>
<bounds x="1095" y="691" width="171" height="65"/>
</OView>
<OView class="oracle.dbtools.crest.swingui.relational.TVTable" oid="21D7C6D5-9E7D-103D-E710-A96047F71279" otype="Table" vid="4766D790-15B2-D760-9FB9-50C93BA7B67A">
<hideElementsInCurrentOnly>false</hideElementsInCurrentOnly>
<bounds x="525" y="1346" width="199" height="83"/>
</OView>
<OView class="oracle.dbtools.crest.swingui.relational.TVTable" oid="30826F38-A217-8224-0784-6FD9AB88042A" otype="Table" vid="423D7363-37AA-74E2-B732-11D655C5A4ED">
<hideElementsInCurrentOnly>false</hideElementsInCurrentOnly>
<bounds x="2056" y="125" width="303" height="157"/>
</OView>
<OView class="oracle.dbtools.crest.swingui.relational.TVTable" oid="35DCBCF4-EF97-00B5-F55B-0AC83F060A5D" otype="Table" vid="C6AD20CA-44BA-427C-67B2-CABC9456D324">
<hideElementsInCurrentOnly>false</hideElementsInCurrentOnly>
<bounds x="368" y="773" width="414" height="231"/>
</OView>
<OView class="oracle.dbtools.crest.swingui.relational.TVTable" oid="36279210-DBBF-EC41-9AEE-0A611BD905A5" otype="Table" vid="48AE5662-381D-E83D-465E-073CBD42063C">
<hideElementsInCurrentOnly>false</hideElementsInCurrentOnly>
<bounds x="1444" y="1238" width="177" height="94"/>
</OView>
<OView class="oracle.dbtools.crest.swingui.relational.TVTable" oid="4E545B98-7D0F-ABBD-C348-715C16801DDE" otype="Table" vid="13E6505E-EDF0-8BCD-FB15-7CEC4913C93D">
<hideElementsInCurrentOnly>false</hideElementsInCurrentOnly>
<bounds x="965" y="880" width="185" height="66"/>
</OView>
<OView class="oracle.dbtools.crest.swingui.relational.TVTable" oid="7C58F0AA-6AC7-2403-FB48-0BD4F424DDBB" otype="Table" vid="529E2A21-24C0-9323-BC40-018AA18E5C36">
<hideElementsInCurrentOnly>false</hideElementsInCurrentOnly>
<bounds x="933" y="1027" width="178" height="60"/>
</OView>
<OView class="oracle.dbtools.crest.swingui.relational.TVTable" oid="85D3BB26-4804-3D90-AD12-20C853DD0DD7" otype="Table" vid="905F9F40-B284-85DE-3BE8-5553603E2776">
<hideElementsInCurrentOnly>false</hideElementsInCurrentOnly>
<bounds x="937" y="1992" width="242" height="108"/>
</OView>
<OView class="oracle.dbtools.crest.swingui.relational.TVTable" oid="A34E6955-7788-41FD-54AF-74B176A859B6" otype="Table" vid="7787C3FE-EE95-C22B-29A7-04B94663BC52">
<hideElementsInCurrentOnly>false</hideElementsInCurrentOnly>
<bounds x="482" y="1026" width="419" height="205"/>
</OView>
<OView class="oracle.dbtools.crest.swingui.relational.TVTable" oid="A4BB19CA-4F6F-1F20-49E2-2C35A8C13690" otype="Table" vid="103B1FB6-9298-3102-46FB-0EA43680532E">
<hideElementsInCurrentOnly>false</hideElementsInCurrentOnly>
<bounds x="2486" y="383" width="332" height="197"/>
</OView>
<OView class="oracle.dbtools.crest.swingui.relational.TVTable" oid="BEF71257-8798-8032-BC72-7AA0789440C9" otype="Table" vid="13E1AB1E-B711-FB3E-9901-CCDEB48AD2E9">
<hideElementsInCurrentOnly>false</hideElementsInCurrentOnly>
<bounds x="2259" y="824" width="337" height="117"/>
</OView>
<OView class="oracle.dbtools.crest.swingui.relational.TVTable" oid="C117C6C4-99CF-9368-12EB-ACCB663BEB6A" otype="Table" vid="2605DC89-8F79-8E62-1DF5-104D3751A993">
<hideElementsInCurrentOnly>false</hideElementsInCurrentOnly>
<bounds x="1483" y="1040" width="355" height="193"/>
</OView>
<OView class="oracle.dbtools.crest.swingui.relational.TVTable" oid="C485006A-11C9-E261-858C-3519351C9FA2" otype="Table" vid="DFE0B93D-6259-961F-237C-3165C413DCAE">
<hideElementsInCurrentOnly>false</hideElementsInCurrentOnly>
<bounds x="978" y="1260" width="212" height="76"/>
</OView>
<OView class="oracle.dbtools.crest.swingui.relational.TVTable" oid="DB17546A-C927-AEB8-0A0F-BD530F5E7529" otype="Table" vid="88813244-4BE0-3FC8-99DE-7CD9B0F09CF0">
<hideElementsInCurrentOnly>false</hideElementsInCurrentOnly>
<bounds x="1039" y="1778" width="371" height="133"/>
</OView>
<OView class="oracle.dbtools.crest.swingui.relational.TVTable" oid="DBDFF086-912D-DD93-E5DA-BA318602D856" otype="Table" vid="A8514720-5144-CC96-494B-6B036FA5CF1B">
<hideElementsInCurrentOnly>false</hideElementsInCurrentOnly>
<bounds x="2067" y="385" width="237" height="115"/>
</OView>
<OView class="oracle.dbtools.crest.swingui.relational.TVTable" oid="EB843B1C-2B33-8A92-EC45-2F2E3807203D" otype="Table" vid="D2D87828-5FE0-F703-166B-EF5A9EAB1A1F">
<hideElementsInCurrentOnly>false</hideElementsInCurrentOnly>
<bounds x="1002" y="1544" width="337" height="183"/>
</OView>
<OView class="oracle.dbtools.crest.swingui.relational.TVTable" oid="FF4FE357-5069-A58E-D0A2-03115C65734C" otype="Table" vid="172DCD39-87A2-495C-CD51-780FDA0573BF">
<hideElementsInCurrentOnly>false</hideElementsInCurrentOnly>
<bounds x="945" y="1197" width="468" height="309"/>
</OView>
</objectViews>
<connectors>
<Connector class="oracle.dbtools.crest.swingui.relational.TVFKRelation" oid="09738BCC-AC42-4514-A6DB-7893D7A17ABF" otype="FKIndexAssociation" vid_source="13E6505E-EDF0-8BCD-FB15-7CEC4913C93D" vid_target="D2D87828-5FE0-F703-166B-EF5A9EAB1A1F">
<hideElementsInCurrentOnly>false</hideElementsInCurrentOnly>
<backgroundColor>-16777216</backgroundColor>
<lineWidth>1</lineWidth>
<points>
<point x="1150" y="935"/>
<point x="1420" y="935"/>
<point x="1422" y="1548"/>
<point x="1339" y="1548"/>
</points>
</Connector>
<Connector class="oracle.dbtools.crest.swingui.relational.TVFKRelation" oid="0CCD00A1-CE58-F438-02DC-60F185081BE0" otype="FKIndexAssociation" vid_source="F6AAE40A-E7FA-53B4-94FD-83739DC20D1C" vid_target="BA3F8328-2443-AF82-1E36-7ED98BDF2B32">
<hideElementsInCurrentOnly>false</hideElementsInCurrentOnly>
<backgroundColor>-16777216</backgroundColor>
<lineWidth>1</lineWidth>
<points>
<point x="1095" y="712"/>
<point x="156" y="712"/>
<point x="156" y="1434"/>
</points>
</Connector>
<Connector class="oracle.dbtools.crest.swingui.relational.TVFKRelation" oid="0E92F1D5-EFC0-01F3-5495-A40344F53E9B" otype="FKIndexAssociation" vid_source="13E6505E-EDF0-8BCD-FB15-7CEC4913C93D" vid_target="C6AD20CA-44BA-427C-67B2-CABC9456D324">
<hideElementsInCurrentOnly>false</hideElementsInCurrentOnly>
<backgroundColor>-16777216</backgroundColor>
<lineWidth>1</lineWidth>
<points>
<point x="965" y="913"/>
<point x="782" y="913"/>
</points>
</Connector>
<Connector class="oracle.dbtools.crest.swingui.relational.TVFKRelation" oid="1C8EB8B7-E979-65FB-6B08-55B38F909E36" otype="FKIndexAssociation" vid_source="90E792CF-CDB5-C6CE-4EBF-E5D6C28B84CA" vid_target="13E1AB1E-B711-FB3E-9901-CCDEB48AD2E9">
<hideElementsInCurrentOnly>false</hideElementsInCurrentOnly>
<backgroundColor>-16777216</backgroundColor>
<lineWidth>1</lineWidth>
<points>
<point x="1819" y="530"/>
<point x="2385" y="530"/>
<point x="2385" y="824"/>
</points>
</Connector>
<Connector class="oracle.dbtools.crest.swingui.relational.TVFKRelation" oid="224BF028-805F-B7CC-04C1-C4901923EC89" otype="FKIndexAssociation" vid_source="DFE0B93D-6259-961F-237C-3165C413DCAE" vid_target="D2D87828-5FE0-F703-166B-EF5A9EAB1A1F">
<hideElementsInCurrentOnly>false</hideElementsInCurrentOnly>
<backgroundColor>-16777216</backgroundColor>
<lineWidth>1</lineWidth>
<points>
<point x="1111" y="1336"/>
<point x="1111" y="1544"/>
</points>
</Connector>
<Connector class="oracle.dbtools.crest.swingui.relational.TVFKRelation" oid="2C079F52-FB03-0A89-3C8B-32D39EC9C506" otype="FKIndexAssociation" vid_source="13E6505E-EDF0-8BCD-FB15-7CEC4913C93D" vid_target="C6AD20CA-44BA-427C-67B2-CABC9456D324">
<hideElementsInCurrentOnly>false</hideElementsInCurrentOnly>
<backgroundColor>-16777216</backgroundColor>
<lineWidth>1</lineWidth>
<points>
<point x="965" y="898"/>
<point x="782" y="898"/>
</points>
</Connector>
<Connector class="oracle.dbtools.crest.swingui.relational.TVFKRelation" oid="32C656DA-8A33-0947-3253-D180DC99DC52" otype="FKIndexAssociation" vid_source="DFE0B93D-6259-961F-237C-3165C413DCAE" vid_target="E5FBDD2D-FA1F-5884-A471-BC3BF572CF70">
<hideElementsInCurrentOnly>false</hideElementsInCurrentOnly>
<backgroundColor>-16777216</backgroundColor>
<lineWidth>1</lineWidth>
<points>
<point x="1172" y="1260"/>
<point x="1172" y="1131"/>
<point x="1172" y="1122"/>
</points>
</Connector>
<Connector class="oracle.dbtools.crest.swingui.relational.TVFKRelation" oid="3D70B536-F09A-E432-E45C-70FD2D421DB7" otype="FKIndexAssociation" vid_source="172DCD39-87A2-495C-CD51-780FDA0573BF" vid_target="7787C3FE-EE95-C22B-29A7-04B94663BC52">
<hideElementsInCurrentOnly>false</hideElementsInCurrentOnly>
<backgroundColor>-16777216</backgroundColor>
<lineWidth>1</lineWidth>
<points>
<point x="945" y="1214"/>
<point x="901" y="1214"/>
</points>
</Connector>
<Connector class="oracle.dbtools.crest.swingui.relational.TVFKRelation" oid="3F97FE0B-AC81-6201-7C47-FBC8B2C1CA15" otype="FKIndexAssociation" vid_source="172DCD39-87A2-495C-CD51-780FDA0573BF" vid_target="DFE0B93D-6259-961F-237C-3165C413DCAE">
<hideElementsInCurrentOnly>false</hideElementsInCurrentOnly>
<backgroundColor>-16777216</backgroundColor>
<lineWidth>1</lineWidth>
<points>
<point x="1413" y="1298"/>
<point x="978" y="1298"/>
</points>
</Connector>
<Connector class="oracle.dbtools.crest.swingui.relational.TVFKRelation" oid="41CAC211-36FC-50B7-E7B1-62ED6403E941" otype="FKIndexAssociation" vid_source="13E6505E-EDF0-8BCD-FB15-7CEC4913C93D" vid_target="172DCD39-87A2-495C-CD51-780FDA0573BF">
<hideElementsInCurrentOnly>false</hideElementsInCurrentOnly>
<backgroundColor>-16777216</backgroundColor>
<lineWidth>1</lineWidth>
<points>
<point x="1072" y="946"/>
<point x="1072" y="1197"/>
</points>
</Connector>
<Connector class="oracle.dbtools.crest.swingui.relational.TVFKRelation" oid="481822DD-1DD6-69A1-5B12-C2D98C95A921" otype="FKIndexAssociation" vid_source="172DCD39-87A2-495C-CD51-780FDA0573BF" vid_target="32321E4D-A66C-AF98-07D1-90E4AD96B5BD">
<hideElementsInCurrentOnly>false</hideElementsInCurrentOnly>
<backgroundColor>-16777216</backgroundColor>
<lineWidth>1</lineWidth>
<points>
<point x="945" y="1487"/>
<point x="790" y="1487"/>
</points>
</Connector>
<Connector class="oracle.dbtools.crest.swingui.relational.TVFKRelation" oid="4CE41979-8E7A-CD2D-65A7-536588DDC84B" otype="FKIndexAssociation" vid_source="48AE5662-381D-E83D-465E-073CBD42063C" vid_target="172DCD39-87A2-495C-CD51-780FDA0573BF">
<hideElementsInCurrentOnly>false</hideElementsInCurrentOnly>
<backgroundColor>-16777216</backgroundColor>
<lineWidth>1</lineWidth>
<points>
<point x="1444" y="1314"/>
<point x="1393" y="1314"/>
<point x="1393" y="1310"/>
</points>
</Connector>
<Connector class="oracle.dbtools.crest.swingui.relational.TVFKRelation" oid="53454FBB-68C1-5A3E-E7A7-750819EDE85E" otype="FKIndexAssociation" vid_source="13E6505E-EDF0-8BCD-FB15-7CEC4913C93D" vid_target="172DCD39-87A2-495C-CD51-780FDA0573BF">
<hideElementsInCurrentOnly>false</hideElementsInCurrentOnly>
<backgroundColor>-16777216</backgroundColor>
<lineWidth>1</lineWidth>
<points>
<point x="1087" y="946"/>
<point x="1087" y="1197"/>
</points>
</Connector>
<Connector class="oracle.dbtools.crest.swingui.relational.TVFKRelation" oid="5717CC24-F180-515E-3279-BC80B828B3BA" otype="FKIndexAssociation" vid_source="905F9F40-B284-85DE-3BE8-5553603E2776" vid_target="BA3F8328-2443-AF82-1E36-7ED98BDF2B32">
<hideElementsInCurrentOnly>false</hideElementsInCurrentOnly>
<backgroundColor>-16777216</backgroundColor>
<lineWidth>1</lineWidth>
<points>
<point x="937" y="2087"/>
<point x="113" y="2087"/>
<point x="113" y="1659"/>
</points>
</Connector>
<Connector class="oracle.dbtools.crest.swingui.relational.TVFKRelation" oid="5BC57EF7-8DFE-C33C-03BF-5F86256305BC" otype="FKIndexAssociation" vid_source="F6AAE40A-E7FA-53B4-94FD-83739DC20D1C" vid_target="88813244-4BE0-3FC8-99DE-7CD9B0F09CF0">
<hideElementsInCurrentOnly>false</hideElementsInCurrentOnly>
<backgroundColor>-16777216</backgroundColor>
<lineWidth>1</lineWidth>
<points>
<point x="1266" y="750"/>
<point x="1425" y="750"/>
<point x="1433" y="1798"/>
<point x="1410" y="1798"/>
</points>
</Connector>
<Connector class="oracle.dbtools.crest.swingui.relational.TVFKRelation" oid="5E0DDB7F-157D-3B6A-AA8C-E0C928CD0402" otype="FKIndexAssociation" vid_source="F6AAE40A-E7FA-53B4-94FD-83739DC20D1C" vid_target="61736CF4-2628-E1B4-88E3-F7617F5A8C9C">
<hideElementsInCurrentOnly>false</hideElementsInCurrentOnly>
<backgroundColor>-16777216</backgroundColor>
<lineWidth>1</lineWidth>
<points>
<point x="1095" y="727"/>
<point x="324" y="727"/>
<point x="324" y="1134"/>
</points>
</Connector>
<Connector class="oracle.dbtools.crest.swingui.relational.TVFKRelation" oid="5EB005D6-0D0A-D7E5-EA2F-4EB5E0AA4D68" otype="FKIndexAssociation" vid_source="13E6505E-EDF0-8BCD-FB15-7CEC4913C93D" vid_target="BA3F8328-2443-AF82-1E36-7ED98BDF2B32">
<hideElementsInCurrentOnly>false</hideElementsInCurrentOnly>
<backgroundColor>-16777216</backgroundColor>
<lineWidth>1</lineWidth>
<points>
<point x="1035" y="946"/>
<point x="1035" y="1015"/>
<point x="472" y="1015"/>
<point x="473" y="1546"/>
<point x="448" y="1546"/>
</points>
</Connector>
<Connector class="oracle.dbtools.crest.swingui.relational.TVFKRelation" oid="646F3D96-C49D-B9A9-5D1B-22D3D50FF1E3" otype="FKIndexAssociation" vid_source="F6AAE40A-E7FA-53B4-94FD-83739DC20D1C" vid_target="32321E4D-A66C-AF98-07D1-90E4AD96B5BD">
<hideElementsInCurrentOnly>false</hideElementsInCurrentOnly>
<backgroundColor>-16777216</backgroundColor>
<lineWidth>1</lineWidth>
<points>
<point x="1095" y="755"/>
<point x="923" y="755"/>
<point x="920" y="1517"/>
<point x="790" y="1517"/>
</points>
</Connector>
<Connector class="oracle.dbtools.crest.swingui.relational.TVFKRelation" oid="6880BC2F-2F57-8D51-BABC-8A1F50D07D12" otype="FKIndexAssociation" vid_source="90E792CF-CDB5-C6CE-4EBF-E5D6C28B84CA" vid_target="2605DC89-8F79-8E62-1DF5-104D3751A993">
<hideElementsInCurrentOnly>false</hideElementsInCurrentOnly>
<backgroundColor>-16777216</backgroundColor>
<lineWidth>1</lineWidth>
<points>
<point x="1607" y="541"/>
<point x="1607" y="979"/>
<point x="1607" y="1040"/>
</points>
</Connector>
<Connector class="oracle.dbtools.crest.swingui.relational.TVFKRelation" oid="6B5A5FD5-9F4E-74BD-27B2-63A61BAC6284" otype="FKIndexAssociation" vid_source="A8514720-5144-CC96-494B-6B036FA5CF1B" vid_target="423D7363-37AA-74E2-B732-11D655C5A4ED">
<hideElementsInCurrentOnly>false</hideElementsInCurrentOnly>
<backgroundColor>-16777216</backgroundColor>
<lineWidth>1</lineWidth>
<points>
<point x="2200" y="385"/>
<point x="2200" y="282"/>
</points>
</Connector>
<Connector class="oracle.dbtools.crest.swingui.relational.TVFKRelation" oid="743A65E6-B724-1E7B-0069-80DE1662A6F9" otype="FKIndexAssociation" vid_source="F6AAE40A-E7FA-53B4-94FD-83739DC20D1C" vid_target="172DCD39-87A2-495C-CD51-780FDA0573BF">
<hideElementsInCurrentOnly>false</hideElementsInCurrentOnly>
<backgroundColor>-16777216</backgroundColor>
<lineWidth>1</lineWidth>
<points>
<point x="1266" y="714"/>
<point x="1398" y="714"/>
<point x="1398" y="1197"/>
</points>
</Connector>
<Connector class="oracle.dbtools.crest.swingui.relational.TVFKRelation" oid="795FCFD3-C773-865D-CAC6-F8448ECC49F2" otype="FKIndexAssociation" vid_source="13E1AB1E-B711-FB3E-9901-CCDEB48AD2E9" vid_target="2605DC89-8F79-8E62-1DF5-104D3751A993">
<hideElementsInCurrentOnly>false</hideElementsInCurrentOnly>
<backgroundColor>-16777216</backgroundColor>
<lineWidth>1</lineWidth>
<points>
<point x="2269" y="941"/>
<point x="2269" y="1118"/>
<point x="1838" y="1118"/>
</points>
</Connector>
<Connector class="oracle.dbtools.crest.swingui.relational.TVFKRelation" oid="85531EE7-3DEF-184E-7E20-1DF12FD08BA0" otype="FKIndexAssociation" vid_source="13E6505E-EDF0-8BCD-FB15-7CEC4913C93D" vid_target="32321E4D-A66C-AF98-07D1-90E4AD96B5BD">
<hideElementsInCurrentOnly>false</hideElementsInCurrentOnly>
<backgroundColor>-16777216</backgroundColor>
<lineWidth>1</lineWidth>
<points>
<point x="1050" y="946"/>
<point x="1050" y="971"/>
<point x="917" y="969"/>
<point x="915" y="1560"/>
<point x="790" y="1560"/>
</points>
</Connector>
<Connector class="oracle.dbtools.crest.swingui.relational.TVFKRelation" oid="89159D3F-B3AE-617D-FFCE-1D41B5C369BB" otype="FKIndexAssociation" vid_source="905F9F40-B284-85DE-3BE8-5553603E2776" vid_target="C6AD20CA-44BA-427C-67B2-CABC9456D324">
<hideElementsInCurrentOnly>false</hideElementsInCurrentOnly>
<backgroundColor>-16777216</backgroundColor>
<lineWidth>1</lineWidth>
<points>
<point x="937" y="2010"/>
<point x="905" y="2010"/>
<point x="905" y="988"/>
<point x="782" y="988"/>
</points>
</Connector>
<Connector class="oracle.dbtools.crest.swingui.relational.TVFKRelation" oid="96EEC21B-0541-CDC7-BDC1-45AB430C3C2A" otype="FKIndexAssociation" vid_source="A8514720-5144-CC96-494B-6B036FA5CF1B" vid_target="103B1FB6-9298-3102-46FB-0EA43680532E">
<hideElementsInCurrentOnly>false</hideElementsInCurrentOnly>
<backgroundColor>-16777216</backgroundColor>
<lineWidth>1</lineWidth>
<points>
<point x="2304" y="457"/>
<point x="2486" y="457"/>
</points>
</Connector>
<Connector class="oracle.dbtools.crest.swingui.relational.TVFKRelation" oid="9A678824-9AED-17C0-F300-959B1076FD17" otype="FKIndexAssociation" vid_source="905F9F40-B284-85DE-3BE8-5553603E2776" vid_target="172DCD39-87A2-495C-CD51-780FDA0573BF">
<hideElementsInCurrentOnly>false</hideElementsInCurrentOnly>
<backgroundColor>-16777216</backgroundColor>
<lineWidth>1</lineWidth>
<points>
<point x="963" y="1992"/>
<point x="963" y="1525"/>
<point x="963" y="1506"/>
</points>
</Connector>
<Connector class="oracle.dbtools.crest.swingui.relational.TVFKRelation" oid="9B209008-1A27-AFB7-F3EF-B5920D5681D6" otype="FKIndexAssociation" vid_source="4766D790-15B2-D760-9FB9-50C93BA7B67A" vid_target="32321E4D-A66C-AF98-07D1-90E4AD96B5BD">
<hideElementsInCurrentOnly>false</hideElementsInCurrentOnly>
<backgroundColor>-16777216</backgroundColor>
<lineWidth>1</lineWidth>
<points>
<point x="624" y="1429"/>
<point x="624" y="1468"/>
</points>
</Connector>
<Connector class="oracle.dbtools.crest.swingui.relational.TVFKRelation" oid="A027836A-5E34-D1C6-4409-9FA39A337245" otype="FKIndexAssociation" vid_source="905F9F40-B284-85DE-3BE8-5553603E2776" vid_target="61736CF4-2628-E1B4-88E3-F7617F5A8C9C">
<hideElementsInCurrentOnly>false</hideElementsInCurrentOnly>
<backgroundColor>-16777216</backgroundColor>
<lineWidth>1</lineWidth>
<points>
<point x="937" y="2076"/>
<point x="455" y="2076"/>
<point x="455" y="1294"/>
</points>
</Connector>
<Connector class="oracle.dbtools.crest.swingui.relational.TVFKRelation" oid="A1BD5659-920D-C6DC-0623-10BB7EDB5A6E" otype="FKIndexAssociation" vid_source="13E1AB1E-B711-FB3E-9901-CCDEB48AD2E9" vid_target="2605DC89-8F79-8E62-1DF5-104D3751A993">
<hideElementsInCurrentOnly>false</hideElementsInCurrentOnly>
<backgroundColor>-16777216</backgroundColor>
<lineWidth>1</lineWidth>
<points>
<point x="2287" y="941"/>
<point x="2287" y="1096"/>
<point x="1838" y="1096"/>
</points>
</Connector>
<Connector class="oracle.dbtools.crest.swingui.relational.TVFKRelation" oid="AE576170-807C-15FB-449F-63FF774EE822" otype="FKIndexAssociation" vid_source="13E6505E-EDF0-8BCD-FB15-7CEC4913C93D" vid_target="2605DC89-8F79-8E62-1DF5-104D3751A993">
<hideElementsInCurrentOnly>false</hideElementsInCurrentOnly>
<backgroundColor>-16777216</backgroundColor>
<lineWidth>1</lineWidth>
<points>
<point x="1150" y="928"/>
<point x="1512" y="928"/>
<point x="1512" y="1040"/>
</points>
</Connector>
<Connector class="oracle.dbtools.crest.swingui.relational.TVFKRelation" oid="B1930024-734A-3FEA-0AF7-A95013156CF0" otype="FKIndexAssociation" vid_source="172DCD39-87A2-495C-CD51-780FDA0573BF" vid_target="C6AD20CA-44BA-427C-67B2-CABC9456D324">
<hideElementsInCurrentOnly>false</hideElementsInCurrentOnly>
<backgroundColor>-16777216</backgroundColor>
<lineWidth>1</lineWidth>
<points>
<point x="945" y="1238"/>
<point x="923" y="1238"/>
<point x="928" y="978"/>
<point x="782" y="978"/>
</points>
</Connector>
<Connector class="oracle.dbtools.crest.swingui.relational.TVFKRelation" oid="B2E7A23A-6934-E74C-2859-59DCD0B5C244" otype="FKIndexAssociation" vid_source="F6AAE40A-E7FA-53B4-94FD-83739DC20D1C" vid_target="C6AD20CA-44BA-427C-67B2-CABC9456D324">
<hideElementsInCurrentOnly>false</hideElementsInCurrentOnly>
<backgroundColor>-16777216</backgroundColor>
<lineWidth>1</lineWidth>
<points>
<point x="1108" y="756"/>
<point x="1108" y="827"/>
<point x="782" y="827"/>
</points>
</Connector>
<Connector class="oracle.dbtools.crest.swingui.relational.TVFKRelation" oid="B5E0FF02-E072-5392-4BBE-39B6DEC68962" otype="FKIndexAssociation" vid_source="905F9F40-B284-85DE-3BE8-5553603E2776" vid_target="7787C3FE-EE95-C22B-29A7-04B94663BC52">
<hideElementsInCurrentOnly>false</hideElementsInCurrentOnly>
<backgroundColor>-16777216</backgroundColor>
<lineWidth>1</lineWidth>
<points>
<point x="937" y="2051"/>
<point x="497" y="2051"/>
<point x="497" y="1231"/>
</points>
</Connector>
<Connector class="oracle.dbtools.crest.swingui.relational.TVFKRelation" oid="B904D282-3173-E78D-9234-6E75427FD87F" otype="FKIndexAssociation" vid_source="90E792CF-CDB5-C6CE-4EBF-E5D6C28B84CA" vid_target="103B1FB6-9298-3102-46FB-0EA43680532E">
<hideElementsInCurrentOnly>false</hideElementsInCurrentOnly>
<backgroundColor>-16777216</backgroundColor>
<lineWidth>1</lineWidth>
<points>
<point x="1768" y="427"/>
<point x="1768" y="108"/>
<point x="2530" y="107"/>
<point x="2530" y="383"/>
</points>
</Connector>
<Connector class="oracle.dbtools.crest.swingui.relational.TVFKRelation" oid="BB5D0639-6337-90EB-EAAC-060494687602" otype="FKIndexAssociation" vid_source="61736CF4-2628-E1B4-88E3-F7617F5A8C9C" vid_target="172DCD39-87A2-495C-CD51-780FDA0573BF">
<hideElementsInCurrentOnly>false</hideElementsInCurrentOnly>
<backgroundColor>-16777216</backgroundColor>
<lineWidth>1</lineWidth>
<points>
<point x="464" y="1260"/>
<point x="945" y="1260"/>
</points>
</Connector>
<Connector class="oracle.dbtools.crest.swingui.relational.TVFKRelation" oid="BDE36BE6-C5B6-CA9A-DF19-E1408C5F0B84" otype="FKIndexAssociation" vid_source="90E792CF-CDB5-C6CE-4EBF-E5D6C28B84CA" vid_target="423D7363-37AA-74E2-B732-11D655C5A4ED">
<hideElementsInCurrentOnly>false</hideElementsInCurrentOnly>
<backgroundColor>-16777216</backgroundColor>
<lineWidth>1</lineWidth>
<points>
<point x="1819" y="445"/>
<point x="1959" y="445"/>
<point x="1956" y="173"/>
<point x="2056" y="173"/>
</points>
</Connector>
<Connector class="oracle.dbtools.crest.swingui.relational.TVFKRelation" oid="BDE3CD5C-ED14-52C0-F6CC-005811EACCBB" otype="FKIndexAssociation" vid_source="4766D790-15B2-D760-9FB9-50C93BA7B67A" vid_target="BA3F8328-2443-AF82-1E36-7ED98BDF2B32">
<hideElementsInCurrentOnly>false</hideElementsInCurrentOnly>
<backgroundColor>-16777216</backgroundColor>
<lineWidth>1</lineWidth>
<points>
<point x="525" y="1416"/>
<point x="429" y="1416"/>
<point x="429" y="1434"/>
</points>
</Connector>
<Connector class="oracle.dbtools.crest.swingui.relational.TVFKRelation" oid="BE90A48F-EEA5-6DAE-F4DC-A8A2D96610E8" otype="FKIndexAssociation" vid_source="F6AAE40A-E7FA-53B4-94FD-83739DC20D1C" vid_target="7787C3FE-EE95-C22B-29A7-04B94663BC52">
<hideElementsInCurrentOnly>false</hideElementsInCurrentOnly>
<backgroundColor>-16777216</backgroundColor>
<lineWidth>1</lineWidth>
<points>
<point x="1095" y="741"/>
<point x="876" y="741"/>
<point x="876" y="1026"/>
</points>
</Connector>
<Connector class="oracle.dbtools.crest.swingui.relational.TVFKRelation" oid="C3086383-27B5-E5F0-29CF-24F3DBAC93C2" otype="FKIndexAssociation" vid_source="905F9F40-B284-85DE-3BE8-5553603E2776" vid_target="88813244-4BE0-3FC8-99DE-7CD9B0F09CF0">
<hideElementsInCurrentOnly>false</hideElementsInCurrentOnly>
<backgroundColor>-16777216</backgroundColor>
<lineWidth>1</lineWidth>
<points>
<point x="1109" y="1992"/>
<point x="1109" y="1911"/>
</points>
</Connector>
<Connector class="oracle.dbtools.crest.swingui.relational.TVFKRelation" oid="CE2919DC-42CB-5BDE-EC61-CF78FF67176A" otype="FKIndexAssociation" vid_source="529E2A21-24C0-9323-BC40-018AA18E5C36" vid_target="172DCD39-87A2-495C-CD51-780FDA0573BF">
<hideElementsInCurrentOnly>false</hideElementsInCurrentOnly>
<backgroundColor>-16777216</backgroundColor>
<lineWidth>1</lineWidth>
<points>
<point x="1028" y="1087"/>
<point x="1028" y="1197"/>
</points>
</Connector>
<Connector class="oracle.dbtools.crest.swingui.relational.TVFKRelation" oid="CF815FEC-4E6D-E404-9697-501A8CD5C3A0" otype="FKIndexAssociation" vid_source="88813244-4BE0-3FC8-99DE-7CD9B0F09CF0" vid_target="D2D87828-5FE0-F703-166B-EF5A9EAB1A1F">
<hideElementsInCurrentOnly>false</hideElementsInCurrentOnly>
<backgroundColor>-16777216</backgroundColor>
<lineWidth>1</lineWidth>
<points>
<point x="1204" y="1778"/>
<point x="1204" y="1727"/>
</points>
</Connector>
<Connector class="oracle.dbtools.crest.swingui.relational.TVFKRelation" oid="D13DEFFB-616D-7A45-FE6D-E5E47311E8C4" otype="FKIndexAssociation" vid_source="4766D790-15B2-D760-9FB9-50C93BA7B67A" vid_target="61736CF4-2628-E1B4-88E3-F7617F5A8C9C">
<hideElementsInCurrentOnly>false</hideElementsInCurrentOnly>
<backgroundColor>-16777216</backgroundColor>
<lineWidth>1</lineWidth>
<points>
<point x="525" y="1353"/>
<point x="381" y="1353"/>
<point x="381" y="1294"/>
</points>
</Connector>
<Connector class="oracle.dbtools.crest.swingui.relational.TVFKRelation" oid="D5D4645B-6FCD-690B-D061-BC824F553C6E" otype="FKIndexAssociation" vid_source="13E6505E-EDF0-8BCD-FB15-7CEC4913C93D" vid_target="7787C3FE-EE95-C22B-29A7-04B94663BC52">
<hideElementsInCurrentOnly>false</hideElementsInCurrentOnly>
<backgroundColor>-16777216</backgroundColor>
<lineWidth>1</lineWidth>
<points>
<point x="965" y="928"/>
<point x="844" y="928"/>
<point x="844" y="1026"/>
</points>
</Connector>
<Connector class="oracle.dbtools.crest.swingui.relational.TVFKRelation" oid="DD5FEC31-5AB9-B7A8-C3C2-21F07266B6EF" otype="FKIndexAssociation" vid_source="905F9F40-B284-85DE-3BE8-5553603E2776" vid_target="32321E4D-A66C-AF98-07D1-90E4AD96B5BD">
<hideElementsInCurrentOnly>false</hideElementsInCurrentOnly>
<backgroundColor>-16777216</backgroundColor>
<lineWidth>1</lineWidth>
<points>
<point x="937" y="2037"/>
<point x="550" y="2037"/>
<point x="550" y="1688"/>
</points>
</Connector>
<Connector class="oracle.dbtools.crest.swingui.relational.TVFKRelation" oid="DF802F62-3F1B-0B52-28F1-EF6987B36E83" otype="FKIndexAssociation" vid_source="2605DC89-8F79-8E62-1DF5-104D3751A993" vid_target="E5FBDD2D-FA1F-5884-A471-BC3BF572CF70">
<hideElementsInCurrentOnly>false</hideElementsInCurrentOnly>
<backgroundColor>-16777216</backgroundColor>
<lineWidth>1</lineWidth>
<points>
<point x="1483" y="1081"/>
<point x="1373" y="1081"/>
</points>
</Connector>
<Connector class="oracle.dbtools.crest.swingui.relational.TVFKRelation" oid="E961C61D-CC90-BE79-97A2-1347DAF1CCDC" otype="FKIndexAssociation" vid_source="A1C0DCE2-66C2-D882-DC72-B1D4E8E54F60" vid_target="905F9F40-B284-85DE-3BE8-5553603E2776">
<hideElementsInCurrentOnly>false</hideElementsInCurrentOnly>
<backgroundColor>-16777216</backgroundColor>
<lineWidth>1</lineWidth>
<points>
<point x="1060" y="2150"/>
<point x="1060" y="2100"/>
</points>
</Connector>
<Connector class="oracle.dbtools.crest.swingui.relational.TVFKRelation" oid="E9CBDF08-06CF-F58E-B25E-BFA18B2073A2" otype="FKIndexAssociation" vid_source="13E6505E-EDF0-8BCD-FB15-7CEC4913C93D" vid_target="103B1FB6-9298-3102-46FB-0EA43680532E">
<hideElementsInCurrentOnly>false</hideElementsInCurrentOnly>
<backgroundColor>-16777216</backgroundColor>
<lineWidth>1</lineWidth>
<points>
<point x="1150" y="914"/>
<point x="1378" y="914"/>
<point x="1378" y="627"/>
<point x="2438" y="628"/>
<point x="2438" y="482"/>
<point x="2486" y="482"/>
</points>
</Connector>
<Connector class="oracle.dbtools.crest.swingui.relational.TVFKRelation" oid="F858A514-257C-BC28-6F75-C7D8AA95AC27" otype="FKIndexAssociation" vid_source="13E1AB1E-B711-FB3E-9901-CCDEB48AD2E9" vid_target="A8514720-5144-CC96-494B-6B036FA5CF1B">
<hideElementsInCurrentOnly>false</hideElementsInCurrentOnly>
<backgroundColor>-16777216</backgroundColor>
<lineWidth>1</lineWidth>
<points>
<point x="2281" y="824"/>
<point x="2281" y="500"/>
</points>
</Connector>
</connectors>
</Diagram>
