<?xml version = '1.0' encoding = 'UTF-8'?>
<FKIndexAssociation class="oracle.dbtools.crest.model.design.relational.FKIndexAssociation" directorySegmentName="seg_0" id="09738BCC-AC42-4514-A6DB-7893D7A17ABF" containerWithKeyObject="EB843B1C-2B33-8A92-EC45-2F2E3807203D" localFKIndex="DAE0F3FB-97CA-619A-188F-1DC140D88FC9" name="Pylon_Measurment_Unit_FK">
<createdBy>Admin</createdBy>
<createdTime>2019-12-16 20:08:25 UTC</createdTime>
<generatorID>DC3FF741-478E-D452-1978-78C2619CC24A</generatorID>
<ownerDesignName>Main</ownerDesignName>
<referredTableLongName>Measurment_Unit</referredTableLongName>
<deleteRule>NO ACTION</deleteRule>
<referredTableID>4E545B98-7D0F-ABBD-C348-715C16801DDE</referredTableID>
<keyObject>A0AC96EA-1598-C0BA-8A26-08CDBB9B94E7</keyObject>
<referredKeyID>A0AC96EA-1598-C0BA-8A26-08CDBB9B94E7</referredKeyID>
<mandatory>true</mandatory>
<refColNames>Unit</refColNames>
<transferable>true</transferable>
<rely>false</rely>
<columnDependencyConstraintGenerateInDDL>true</columnDependencyConstraintGenerateInDDL>
</FKIndexAssociation>
