<?xml version = '1.0' encoding = 'UTF-8'?>
<FKIndexAssociation class="oracle.dbtools.crest.model.design.relational.FKIndexAssociation" directorySegmentName="seg_0" id="224BF028-805F-B7CC-04C1-C4901923EC89" containerWithKeyObject="EB843B1C-2B33-8A92-EC45-2F2E3807203D" localFKIndex="5969F159-3C19-4A1A-4329-9F41AB34FF01" name="Pylon_Installed_tube_FK">
<createdBy>Matizbychu</createdBy>
<createdTime>2019-12-16 19:10:24 UTC</createdTime>
<generatorID>6DD64A4A-9B01-A0A7-7DB9-CDED7ADEDE44</generatorID>
<ownerDesignName>Main</ownerDesignName>
<referredTableLongName>Installed_tube</referredTableLongName>
<deleteRule>NO ACTION</deleteRule>
<referredTableID>C485006A-11C9-E261-858C-3519351C9FA2</referredTableID>
<keyObject>037B8152-E314-FD09-5926-66E3BF5ED80B</keyObject>
<referredKeyID>037B8152-E314-FD09-5926-66E3BF5ED80B</referredKeyID>
<mandatory>false</mandatory>
<refColNames>TS-ID</refColNames>
<transferable>true</transferable>
<rely>false</rely>
<columnDependencyConstraintGenerateInDDL>true</columnDependencyConstraintGenerateInDDL>
</FKIndexAssociation>
