<?xml version = '1.0' encoding = 'UTF-8'?>
<FKIndexAssociation class="oracle.dbtools.crest.model.design.relational.FKIndexAssociation" directorySegmentName="seg_0" id="3D70B536-F09A-E432-E45C-70FD2D421DB7" containerWithKeyObject="A34E6955-7788-41FD-54AF-74B176A859B6" localFKIndex="E84EEF34-7AD9-8A7D-8ECD-2198642D679A" name="Pressure_Sensor_Tube_Segment_FK">
<createdBy>Matizbychu</createdBy>
<createdTime>2019-12-16 19:10:24 UTC</createdTime>
<generatorID>69C0B6F5-6B2C-B42B-CA57-115C03882667</generatorID>
<ownerDesignName>Main</ownerDesignName>
<referredTableLongName>Tube_Segment</referredTableLongName>
<deleteRule>NO ACTION</deleteRule>
<referredTableID>FF4FE357-5069-A58E-D0A2-03115C65734C</referredTableID>
<keyObject>47F528CE-4231-4723-0931-EA7B26800846</keyObject>
<referredKeyID>47F528CE-4231-4723-0931-EA7B26800846</referredKeyID>
<mandatory>false</mandatory>
<refColNames>TS-ID</refColNames>
<transferable>true</transferable>
<rely>false</rely>
<columnDependencyConstraintGenerateInDDL>true</columnDependencyConstraintGenerateInDDL>
</FKIndexAssociation>
