<?xml version = '1.0' encoding = 'UTF-8'?>
<FKIndexAssociation class="oracle.dbtools.crest.model.design.relational.FKIndexAssociation" directorySegmentName="seg_0" id="4CE41979-8E7A-CD2D-65A7-536588DDC84B" containerWithKeyObject="FF4FE357-5069-A58E-D0A2-03115C65734C" localFKIndex="CE9FA29A-CAB2-64D7-9A5A-939D9EDF36B3" name="Tube_Segment_Tube_Type_FK">
<createdBy>Matizbychu</createdBy>
<createdTime>2019-12-16 19:10:24 UTC</createdTime>
<generatorID>41AA3F3A-FDB2-1F6A-9464-6715A9CE071B</generatorID>
<ownerDesignName>Main</ownerDesignName>
<referredTableLongName>Tube_Type</referredTableLongName>
<deleteRule>NO ACTION</deleteRule>
<referredTableID>36279210-DBBF-EC41-9AEE-0A611BD905A5</referredTableID>
<keyObject>3609AF8D-9B8C-0F61-5125-AFA8699D2F12</keyObject>
<referredKeyID>3609AF8D-9B8C-0F61-5125-AFA8699D2F12</referredKeyID>
<mandatory>true</mandatory>
<refColNames>Type</refColNames>
<transferable>true</transferable>
<rely>false</rely>
<columnDependencyConstraintGenerateInDDL>true</columnDependencyConstraintGenerateInDDL>
</FKIndexAssociation>
