<?xml version = '1.0' encoding = 'UTF-8'?>
<FKIndexAssociation class="oracle.dbtools.crest.model.design.relational.FKIndexAssociation" directorySegmentName="seg_0" id="5717CC24-F180-515E-3279-BC80B828B3BA" containerWithKeyObject="17C4CD3A-AA39-417D-7D72-67296A9596D3" localFKIndex="54748436-FE71-0DD4-D7DA-6BD3B0CB7081" name="Battery_Producent_Serial_Number_FK">
<createdBy>Matizbychu</createdBy>
<createdTime>2019-12-16 19:10:24 UTC</createdTime>
<generatorID>6830837D-2495-1007-11F1-466A971443C9</generatorID>
<ownerDesignName>Main</ownerDesignName>
<referredTableLongName>Producent_Serial_Number</referredTableLongName>
<deleteRule>NO ACTION</deleteRule>
<referredTableID>85D3BB26-4804-3D90-AD12-20C853DD0DD7</referredTableID>
<keyObject>7C5B6C26-2FB2-FC0F-1B60-7D99FE3CC049</keyObject>
<referredKeyID>7C5B6C26-2FB2-FC0F-1B60-7D99FE3CC049</referredKeyID>
<mandatory>true</mandatory>
<refColNames>Serial_Number,Producent_data_PR-ID</refColNames>
<transferable>true</transferable>
<rely>false</rely>
<columnDependencyConstraintGenerateInDDL>true</columnDependencyConstraintGenerateInDDL>
</FKIndexAssociation>
