<?xml version = '1.0' encoding = 'UTF-8'?>
<FKIndexAssociation class="oracle.dbtools.crest.model.design.relational.FKIndexAssociation" directorySegmentName="seg_0" id="6880BC2F-2F57-8D51-BABC-8A1F50D07D12" containerWithKeyObject="C117C6C4-99CF-9368-12EB-ACCB663BEB6A" localFKIndex="43630678-DAF5-BA21-DEFE-B56015ED8A37" name="Route_Status_FK">
<createdBy>Matizbychu</createdBy>
<createdTime>2019-12-16 19:10:24 UTC</createdTime>
<generatorID>C7D071DE-F341-E35F-CD5C-FC7CFA412E5D</generatorID>
<ownerDesignName>Main</ownerDesignName>
<referredTableLongName>Status</referredTableLongName>
<deleteRule>NO ACTION</deleteRule>
<referredTableID>1407D13C-5A83-55F8-CC0A-194A1A5BB547</referredTableID>
<keyObject>92299AC0-BD9F-1074-CBCB-68F0C461A0A5</keyObject>
<referredKeyID>92299AC0-BD9F-1074-CBCB-68F0C461A0A5</referredKeyID>
<mandatory>true</mandatory>
<refColNames>Status</refColNames>
<transferable>true</transferable>
<rely>false</rely>
<columnDependencyConstraintGenerateInDDL>true</columnDependencyConstraintGenerateInDDL>
</FKIndexAssociation>
