<?xml version = '1.0' encoding = 'UTF-8'?>
<FKIndexAssociation class="oracle.dbtools.crest.model.design.relational.FKIndexAssociation" directorySegmentName="seg_0" id="743A65E6-B724-1E7B-0069-80DE1662A6F9" containerWithKeyObject="FF4FE357-5069-A58E-D0A2-03115C65734C" localFKIndex="1EC5A827-C521-6316-4885-033974447A65" name="Tube_Segment_Element_Status_FK">
<createdBy>Matizbychu</createdBy>
<createdTime>2019-12-16 19:10:24 UTC</createdTime>
<generatorID>2E246714-3450-B7C5-B9B7-947F43A5F65A</generatorID>
<ownerDesignName>Main</ownerDesignName>
<referredTableLongName>Element_Status</referredTableLongName>
<deleteRule>NO ACTION</deleteRule>
<referredTableID>18AA2BF7-62FB-7EED-82F1-35C5B83C54F9</referredTableID>
<keyObject>947E0A85-4904-E444-72B9-3918BBAA162C</keyObject>
<referredKeyID>947E0A85-4904-E444-72B9-3918BBAA162C</referredKeyID>
<mandatory>true</mandatory>
<refColNames>Status</refColNames>
<transferable>true</transferable>
<rely>false</rely>
<columnDependencyConstraintGenerateInDDL>true</columnDependencyConstraintGenerateInDDL>
</FKIndexAssociation>
