<?xml version = '1.0' encoding = 'UTF-8'?>
<FKIndexAssociation class="oracle.dbtools.crest.model.design.relational.FKIndexAssociation" directorySegmentName="seg_0" id="89159D3F-B3AE-617D-FFCE-1D41B5C369BB" containerWithKeyObject="35DCBCF4-EF97-00B5-F55B-0AC83F060A5D" localFKIndex="C74DA821-B84C-C805-55D3-A215EC99EA97" name="Vacuum_Pump_Producent_Serial_Number_FK">
<createdBy>Matizbychu</createdBy>
<createdTime>2019-12-16 19:10:24 UTC</createdTime>
<generatorID>1E33FFE1-65F0-F6AE-19AA-C9D39EF3D097</generatorID>
<ownerDesignName>Main</ownerDesignName>
<referredTableLongName>Producent_Serial_Number</referredTableLongName>
<deleteRule>NO ACTION</deleteRule>
<referredTableID>85D3BB26-4804-3D90-AD12-20C853DD0DD7</referredTableID>
<keyObject>7C5B6C26-2FB2-FC0F-1B60-7D99FE3CC049</keyObject>
<referredKeyID>7C5B6C26-2FB2-FC0F-1B60-7D99FE3CC049</referredKeyID>
<mandatory>true</mandatory>
<refColNames>Serial_Number,Producent_data_PR-ID</refColNames>
<transferable>true</transferable>
<rely>false</rely>
<columnDependencyConstraintGenerateInDDL>true</columnDependencyConstraintGenerateInDDL>
</FKIndexAssociation>
