<?xml version = '1.0' encoding = 'UTF-8'?>
<FKIndexAssociation class="oracle.dbtools.crest.model.design.relational.FKIndexAssociation" directorySegmentName="seg_0" id="9A678824-9AED-17C0-F300-959B1076FD17" containerWithKeyObject="FF4FE357-5069-A58E-D0A2-03115C65734C" localFKIndex="D7ECC5BA-E10F-6E6E-832B-604F04ECB7A3" name="Tube_Segment_Producent_Serial_Number_FK">
<createdBy>Matizbychu</createdBy>
<createdTime>2019-12-16 19:10:24 UTC</createdTime>
<generatorID>852C925C-02DB-D74A-F4C7-2F7D956EB40F</generatorID>
<ownerDesignName>Main</ownerDesignName>
<referredTableLongName>Producent_Serial_Number</referredTableLongName>
<deleteRule>NO ACTION</deleteRule>
<referredTableID>85D3BB26-4804-3D90-AD12-20C853DD0DD7</referredTableID>
<keyObject>7C5B6C26-2FB2-FC0F-1B60-7D99FE3CC049</keyObject>
<referredKeyID>7C5B6C26-2FB2-FC0F-1B60-7D99FE3CC049</referredKeyID>
<mandatory>true</mandatory>
<refColNames>Serial_Number,Producent_data_PR-ID</refColNames>
<transferable>true</transferable>
<rely>false</rely>
<columnDependencyConstraintGenerateInDDL>true</columnDependencyConstraintGenerateInDDL>
</FKIndexAssociation>
