<?xml version = '1.0' encoding = 'UTF-8'?>
<FKIndexAssociation class="oracle.dbtools.crest.model.design.relational.FKIndexAssociation" directorySegmentName="seg_0" id="B904D282-3173-E78D-9234-6E75427FD87F" containerWithKeyObject="A4BB19CA-4F6F-1F20-49E2-2C35A8C13690" localFKIndex="497B37FE-0D92-BC4C-6A31-706B7A689982" name="Turntable_Status_FK">
<createdBy>Matizbychu</createdBy>
<createdTime>2019-12-16 19:10:24 UTC</createdTime>
<generatorID>8CB4AAFE-2752-EFF3-F850-143972E522F3</generatorID>
<ownerDesignName>Main</ownerDesignName>
<referredTableLongName>Status</referredTableLongName>
<deleteRule>NO ACTION</deleteRule>
<referredTableID>1407D13C-5A83-55F8-CC0A-194A1A5BB547</referredTableID>
<keyObject>92299AC0-BD9F-1074-CBCB-68F0C461A0A5</keyObject>
<referredKeyID>92299AC0-BD9F-1074-CBCB-68F0C461A0A5</referredKeyID>
<mandatory>true</mandatory>
<refColNames>Status</refColNames>
<transferable>true</transferable>
<rely>false</rely>
<columnDependencyConstraintGenerateInDDL>true</columnDependencyConstraintGenerateInDDL>
</FKIndexAssociation>
