<?xml version = '1.0' encoding = 'UTF-8'?>
<FKIndexAssociation class="oracle.dbtools.crest.model.design.relational.FKIndexAssociation" directorySegmentName="seg_0" id="CE2919DC-42CB-5BDE-EC61-CF78FF67176A" containerWithKeyObject="FF4FE357-5069-A58E-D0A2-03115C65734C" localFKIndex="56E68962-DA23-924E-8D49-40F0207B2DDB" name="Tube_Segment_Terrain_Type_FK">
<createdBy>Matizbychu</createdBy>
<createdTime>2019-12-16 19:10:24 UTC</createdTime>
<generatorID>35733764-B973-6DFD-0929-A3BF90848366</generatorID>
<ownerDesignName>Main</ownerDesignName>
<referredTableLongName>Terrain_Type</referredTableLongName>
<deleteRule>NO ACTION</deleteRule>
<referredTableID>7C58F0AA-6AC7-2403-FB48-0BD4F424DDBB</referredTableID>
<keyObject>B7C1C84C-0799-CB0D-5071-7DBA1363C0BC</keyObject>
<referredKeyID>B7C1C84C-0799-CB0D-5071-7DBA1363C0BC</referredKeyID>
<mandatory>true</mandatory>
<refColNames>Type</refColNames>
<transferable>true</transferable>
<rely>false</rely>
<columnDependencyConstraintGenerateInDDL>true</columnDependencyConstraintGenerateInDDL>
</FKIndexAssociation>
