<?xml version = '1.0' encoding = 'UTF-8'?>
<Entity class="oracle.dbtools.crest.model.design.logical.Entity" directorySegmentName="seg_0" id="0E9E4F3A-8BEB-C3F6-D004-9AFB30B7DDE0" name="Battery">
<createdBy>Admin</createdBy>
<createdTime>2019-12-16 00:00:05 UTC</createdTime>
<ownerDesignName>Main</ownerDesignName>
<engineerTo>
<item key="32AFEBFA-4E55-62C2-576F-759835666702" value="true"/>
</engineerTo>
<adequatelyNormalized>NO</adequatelyNormalized>
<expectedVolumes>0</expectedVolumes>
<fwdEngineeringStrategyName>Single Table</fwdEngineeringStrategyName>
<growthPercent>0</growthPercent>
<growthType>Year</growthType>
<maxVolumes>9999999</maxVolumes>
<minVolumes>0</minVolumes>
<normalForm>Third</normalForm>
<attributes itemClass="oracle.dbtools.crest.model.design.logical.Attribute">
<Attribute name="B-ID" id="B4EAE304-0783-9B0B-7926-B7A837BCF41D">
<createdBy>Admin</createdBy>
<createdTime>2019-12-16 00:44:30 UTC</createdTime>
<ownerDesignName>Main</ownerDesignName>
<engineerTo>
<item key="32AFEBFA-4E55-62C2-576F-759835666702" value="true"/>
</engineerTo>
<useDomainConstraints>false</useDomainConstraints>
<use>1</use>
<logicalDatatype>A3A3C77D-0366-9768-FF89-1C25E56881C8</logicalDatatype>
<dataTypeSize>10 CHAR</dataTypeSize>
<ownDataTypeParameters>10 CHAR,,</ownDataTypeParameters>
</Attribute>
<Attribute name="Capacity" id="1BF4105E-841A-0E9A-4A80-70E8340525FB">
<createdBy>filip</createdBy>
<createdTime>2019-12-16 14:20:57 UTC</createdTime>
<ownerDesignName>Main</ownerDesignName>
<engineerTo>
<item key="32AFEBFA-4E55-62C2-576F-759835666702" value="true"/>
</engineerTo>
<useDomainConstraints>false</useDomainConstraints>
<use>1</use>
<logicalDatatype>LOGDT021</logicalDatatype>
<dataTypePrecision>6</dataTypePrecision>
<dataTypeScale>2</dataTypeScale>
<ownDataTypeParameters>,6,2</ownDataTypeParameters>
</Attribute>
<Attribute name="Charge" id="61A883E9-A3F9-845A-44BD-E1407A31D852">
<createdBy>Admin</createdBy>
<createdTime>2020-01-09 09:45:05 UTC</createdTime>
<ownerDesignName>Main</ownerDesignName>
<engineerTo>
<item key="32AFEBFA-4E55-62C2-576F-759835666702" value="true"/>
</engineerTo>
<useDomainConstraints>false</useDomainConstraints>
<use>1</use>
<logicalDatatype>LOGDT021</logicalDatatype>
<dataTypePrecision>6</dataTypePrecision>
<dataTypeScale>2</dataTypeScale>
<ownDataTypeParameters>,6,2</ownDataTypeParameters>
</Attribute>
<Attribute name="EG-ID" id="A6627046-B531-76DB-49A5-C28727B90A96">
<createdBy>Matizbychu</createdBy>
<createdTime>2019-12-16 18:23:03 UTC</createdTime>
<generatorID>D21EAE3B-4766-004F-D093-A6C52876EBB5</generatorID>
<ownerDesignName>Main</ownerDesignName>
<engineerTo>
<item key="32AFEBFA-4E55-62C2-576F-759835666702" value="true"/>
</engineerTo>
<nullsAllowed>true</nullsAllowed>
<referedAttribute>6B62051C-3937-9079-DB72-64F24E2CF1BB</referedAttribute>
<useDomainConstraints>false</useDomainConstraints>
<use>1</use>
<logicalDatatype>A3A3C77D-0366-9768-FF89-1C25E56881C8</logicalDatatype>
<dataTypeSize>10 CHAR</dataTypeSize>
<ownDataTypeParameters>10 CHAR,,</ownDataTypeParameters>
</Attribute>
<Attribute name="Unit" id="FEBF3A39-069B-EB5F-D481-F1349484CF36">
<createdBy>Admin</createdBy>
<createdTime>2019-12-16 20:22:51 UTC</createdTime>
<generatorID>919AFBAE-A1C1-87CD-0F00-04C79CB8F08B</generatorID>
<ownerDesignName>Main</ownerDesignName>
<engineerTo>
<item key="32AFEBFA-4E55-62C2-576F-759835666702" value="true"/>
</engineerTo>
<referedAttribute>C1D75422-4D90-3C97-CA57-869F7C19296E</referedAttribute>
<useDomainConstraints>false</useDomainConstraints>
<use>1</use>
<logicalDatatype>A3A3C77D-0366-9768-FF89-1C25E56881C8</logicalDatatype>
<dataTypeSize>10</dataTypeSize>
<ownDataTypeParameters>10,,</ownDataTypeParameters>
</Attribute>
<Attribute name="Serial Number" id="BB144BDF-3A77-B9EC-AA62-77DC18788EE9">
<createdBy>Admin</createdBy>
<createdTime>2019-12-16 20:49:37 UTC</createdTime>
<generatorID>6830837D-2495-1007-11F1-466A971443C9</generatorID>
<ownerDesignName>Main</ownerDesignName>
<engineerTo>
<item key="32AFEBFA-4E55-62C2-576F-759835666702" value="true"/>
</engineerTo>
<referedAttribute>9A270FE0-586F-6726-7531-E101516F7664</referedAttribute>
<useDomainConstraints>false</useDomainConstraints>
<use>1</use>
<logicalDatatype>A3A3C77D-0366-9768-FF89-1C25E56881C8</logicalDatatype>
<dataTypeSize>50</dataTypeSize>
<ownDataTypeParameters>50,,</ownDataTypeParameters>
</Attribute>
<Attribute name="PR-ID" id="4373BAA1-963A-8C33-3150-B28AB61F687C">
<createdBy>Admin</createdBy>
<createdTime>2019-12-16 20:54:44 UTC</createdTime>
<generatorID>6830837D-2495-1007-11F1-466A971443C9</generatorID>
<ownerDesignName>Main</ownerDesignName>
<engineerTo>
<item key="32AFEBFA-4E55-62C2-576F-759835666702" value="true"/>
</engineerTo>
<referedAttribute>130629D3-FDFB-463D-0E00-673ADAD14410</referedAttribute>
<useDomainConstraints>false</useDomainConstraints>
<use>1</use>
<logicalDatatype>A3A3C77D-0366-9768-FF89-1C25E56881C8</logicalDatatype>
<dataTypeSize>50</dataTypeSize>
<ownDataTypeParameters>50,,</ownDataTypeParameters>
</Attribute>
<Attribute name="Maintenance date" id="A245AD75-167B-08C2-E863-43128A3BEF9D">
<createdBy>Matizbychu</createdBy>
<createdTime>2020-01-13 19:38:34 UTC</createdTime>
<ownerDesignName>Main</ownerDesignName>
<engineerTo>
<item key="32AFEBFA-4E55-62C2-576F-759835666702" value="true"/>
</engineerTo>
<useDomainConstraints>false</useDomainConstraints>
<use>1</use>
<logicalDatatype>LOGDT007</logicalDatatype>
<ownDataTypeParameters>,,</ownDataTypeParameters>
</Attribute>
</attributes>
<identifiers itemClass="oracle.dbtools.crest.model.design.logical.CandidateKey">
<identifier id="94487A45-545C-9CB9-292B-8B30FD8636A8" name="Battery PK">
<createdBy>Admin</createdBy>
<createdTime>2019-12-16 00:44:40 UTC</createdTime>
<ownerDesignName>Main</ownerDesignName>
<shouldEngineer>false</shouldEngineer>
<engineerTo>
<item key="32AFEBFA-4E55-62C2-576F-759835666702" value="false"/>
</engineerTo>
<pk>true</pk>
<usedAttributes>
<attributeRef>B4EAE304-0783-9B0B-7926-B7A837BCF41D</attributeRef>
</usedAttributes>
</identifier>
</identifiers>
</Entity>
