<?xml version = '1.0' encoding = 'UTF-8'?>
<Entity class="oracle.dbtools.crest.model.design.logical.Entity" directorySegmentName="seg_0" id="2B59E95D-2269-2F3C-7F12-05760B7A2E34" name="Producent data">
<createdBy>Admin</createdBy>
<createdTime>2019-12-16 20:47:47 UTC</createdTime>
<ownerDesignName>Main</ownerDesignName>
<engineerTo>
<item key="5C894613-A8A6-DE69-FD4F-0DC83F2D151C" value="true"/>
<item key="32AFEBFA-4E55-62C2-576F-759835666702" value="true"/>
</engineerTo>
<typeID>4</typeID>
<adequatelyNormalized>NO</adequatelyNormalized>
<expectedVolumes>0</expectedVolumes>
<fwdEngineeringStrategyName>Single Table</fwdEngineeringStrategyName>
<growthPercent>0</growthPercent>
<growthType>Year</growthType>
<maxVolumes>9999999</maxVolumes>
<minVolumes>0</minVolumes>
<normalForm>Third</normalForm>
<attributes itemClass="oracle.dbtools.crest.model.design.logical.Attribute">
<Attribute name="PR-ID" id="1B13F8C0-1B4F-56CE-2E6D-069362FD0DED">
<createdBy>Admin</createdBy>
<createdTime>2019-12-16 20:48:15 UTC</createdTime>
<ownerDesignName>Main</ownerDesignName>
<engineerTo>
<item key="5C894613-A8A6-DE69-FD4F-0DC83F2D151C" value="true"/>
<item key="32AFEBFA-4E55-62C2-576F-759835666702" value="true"/>
</engineerTo>
<useDomainConstraints>false</useDomainConstraints>
<use>1</use>
<logicalDatatype>A3A3C77D-0366-9768-FF89-1C25E56881C8</logicalDatatype>
<dataTypeSize>50</dataTypeSize>
<ownDataTypeParameters>50,,</ownDataTypeParameters>
</Attribute>
<Attribute name="Name" id="37FAA3BA-5665-E4D1-632D-BE97FC68AE02">
<createdBy>Admin</createdBy>
<createdTime>2019-12-16 20:48:15 UTC</createdTime>
<ownerDesignName>Main</ownerDesignName>
<engineerTo>
<item key="5C894613-A8A6-DE69-FD4F-0DC83F2D151C" value="true"/>
<item key="32AFEBFA-4E55-62C2-576F-759835666702" value="true"/>
</engineerTo>
<useDomainConstraints>false</useDomainConstraints>
<use>1</use>
<logicalDatatype>A3A3C77D-0366-9768-FF89-1C25E56881C8</logicalDatatype>
<dataTypeSize>50</dataTypeSize>
<ownDataTypeParameters>50,,</ownDataTypeParameters>
</Attribute>
<Attribute name="Country" id="FEBC6FF7-6A27-5699-E5AD-57127298166F">
<createdBy>Admin</createdBy>
<createdTime>2019-12-16 20:48:16 UTC</createdTime>
<ownerDesignName>Main</ownerDesignName>
<engineerTo>
<item key="5C894613-A8A6-DE69-FD4F-0DC83F2D151C" value="true"/>
<item key="32AFEBFA-4E55-62C2-576F-759835666702" value="true"/>
</engineerTo>
<useDomainConstraints>false</useDomainConstraints>
<use>1</use>
<logicalDatatype>A3A3C77D-0366-9768-FF89-1C25E56881C8</logicalDatatype>
<dataTypeSize>50</dataTypeSize>
<ownDataTypeParameters>50,,</ownDataTypeParameters>
</Attribute>
<Attribute name="Localization" id="A56DD4B7-43D5-D5C4-F09D-CB11FF89FF14">
<createdBy>Admin</createdBy>
<createdTime>2019-12-16 20:48:17 UTC</createdTime>
<ownerDesignName>Main</ownerDesignName>
<engineerTo>
<item key="5C894613-A8A6-DE69-FD4F-0DC83F2D151C" value="true"/>
<item key="32AFEBFA-4E55-62C2-576F-759835666702" value="true"/>
</engineerTo>
<useDomainConstraints>false</useDomainConstraints>
<use>1</use>
<logicalDatatype>A3A3C77D-0366-9768-FF89-1C25E56881C8</logicalDatatype>
<dataTypeSize>50</dataTypeSize>
<ownDataTypeParameters>50,,</ownDataTypeParameters>
</Attribute>
<Attribute name="Index" id="6CD7C2AB-0076-D251-70D3-D372D1477709">
<createdBy>Admin</createdBy>
<createdTime>2019-12-16 20:48:17 UTC</createdTime>
<ownerDesignName>Main</ownerDesignName>
<engineerTo>
<item key="5C894613-A8A6-DE69-FD4F-0DC83F2D151C" value="true"/>
<item key="32AFEBFA-4E55-62C2-576F-759835666702" value="true"/>
</engineerTo>
<useDomainConstraints>false</useDomainConstraints>
<use>1</use>
<logicalDatatype>A3A3C77D-0366-9768-FF89-1C25E56881C8</logicalDatatype>
<dataTypeSize>20</dataTypeSize>
<ownDataTypeParameters>20,,</ownDataTypeParameters>
</Attribute>
</attributes>
<identifiers itemClass="oracle.dbtools.crest.model.design.logical.CandidateKey">
<identifier id="0EA7C973-160C-B92A-673A-DB5D034F9A83" name="Producent data PK">
<createdBy>Admin</createdBy>
<createdTime>2019-12-16 20:48:28 UTC</createdTime>
<ownerDesignName>Main</ownerDesignName>
<engineerTo>
<item key="5C894613-A8A6-DE69-FD4F-0DC83F2D151C" value="true"/>
<item key="32AFEBFA-4E55-62C2-576F-759835666702" value="true"/>
</engineerTo>
<pk>true</pk>
<usedAttributes>
<attributeRef>1B13F8C0-1B4F-56CE-2E6D-069362FD0DED</attributeRef>
</usedAttributes>
</identifier>
</identifiers>
</Entity>
