<?xml version = '1.0' encoding = 'UTF-8'?>
<Entity class="oracle.dbtools.crest.model.design.logical.Entity" directorySegmentName="seg_0" id="3AE8EB90-461D-2650-20F2-64ABF76E64DD" name="Linear Electric Motor">
<createdBy>Admin</createdBy>
<createdTime>2019-12-15 23:59:57 UTC</createdTime>
<ownerDesignName>Main</ownerDesignName>
<engineerTo>
<item key="32AFEBFA-4E55-62C2-576F-759835666702" value="true"/>
</engineerTo>
<adequatelyNormalized>NO</adequatelyNormalized>
<expectedVolumes>0</expectedVolumes>
<fwdEngineeringStrategyName>Single Table</fwdEngineeringStrategyName>
<growthPercent>0</growthPercent>
<growthType>Year</growthType>
<maxVolumes>9999999</maxVolumes>
<minVolumes>0</minVolumes>
<normalForm>Third</normalForm>
<attributes itemClass="oracle.dbtools.crest.model.design.logical.Attribute">
<Attribute name="LEM-ID" id="455C898D-928C-5EE2-3CB7-E84F89603F56">
<createdBy>Admin</createdBy>
<createdTime>2019-12-16 00:44:03 UTC</createdTime>
<ownerDesignName>Main</ownerDesignName>
<engineerTo>
<item key="32AFEBFA-4E55-62C2-576F-759835666702" value="true"/>
</engineerTo>
<useDomainConstraints>false</useDomainConstraints>
<use>1</use>
<logicalDatatype>A3A3C77D-0366-9768-FF89-1C25E56881C8</logicalDatatype>
<dataTypeSize>10 CHAR</dataTypeSize>
<ownDataTypeParameters>10 CHAR,,</ownDataTypeParameters>
</Attribute>
<Attribute name="EG-ID" id="97F255DB-40FC-BD68-9FE2-E36969D76B4A">
<createdBy>Matizbychu</createdBy>
<createdTime>2019-12-16 18:23:03 UTC</createdTime>
<generatorID>E1BA7526-4A84-4B6D-9DDD-7DD9DDBF227A</generatorID>
<ownerDesignName>Main</ownerDesignName>
<engineerTo>
<item key="32AFEBFA-4E55-62C2-576F-759835666702" value="true"/>
</engineerTo>
<nullsAllowed>true</nullsAllowed>
<referedAttribute>6B62051C-3937-9079-DB72-64F24E2CF1BB</referedAttribute>
<useDomainConstraints>false</useDomainConstraints>
<use>1</use>
<logicalDatatype>A3A3C77D-0366-9768-FF89-1C25E56881C8</logicalDatatype>
<dataTypeSize>10 CHAR</dataTypeSize>
<ownDataTypeParameters>10 CHAR,,</ownDataTypeParameters>
</Attribute>
<Attribute name="Serial Number" id="8C76426C-271E-4A9C-663B-B1FF48612411">
<createdBy>Admin</createdBy>
<createdTime>2019-12-16 20:49:37 UTC</createdTime>
<generatorID>2253B4FF-4E1B-8801-54CE-461F6FB22065</generatorID>
<ownerDesignName>Main</ownerDesignName>
<engineerTo>
<item key="32AFEBFA-4E55-62C2-576F-759835666702" value="true"/>
</engineerTo>
<referedAttribute>9A270FE0-586F-6726-7531-E101516F7664</referedAttribute>
<useDomainConstraints>false</useDomainConstraints>
<use>1</use>
<logicalDatatype>A3A3C77D-0366-9768-FF89-1C25E56881C8</logicalDatatype>
<dataTypeSize>50</dataTypeSize>
<ownDataTypeParameters>50,,</ownDataTypeParameters>
</Attribute>
<Attribute name="PR-ID" id="A3DE11BA-4FEB-17FA-B618-8D3BD35ABF9C">
<createdBy>Admin</createdBy>
<createdTime>2019-12-16 20:54:44 UTC</createdTime>
<generatorID>2253B4FF-4E1B-8801-54CE-461F6FB22065</generatorID>
<ownerDesignName>Main</ownerDesignName>
<engineerTo>
<item key="32AFEBFA-4E55-62C2-576F-759835666702" value="true"/>
</engineerTo>
<referedAttribute>130629D3-FDFB-463D-0E00-673ADAD14410</referedAttribute>
<useDomainConstraints>false</useDomainConstraints>
<use>1</use>
<logicalDatatype>A3A3C77D-0366-9768-FF89-1C25E56881C8</logicalDatatype>
<dataTypeSize>50</dataTypeSize>
<ownDataTypeParameters>50,,</ownDataTypeParameters>
</Attribute>
<Attribute name="Maintenance date" id="268CB707-13B6-BE36-90F4-A7F3E16D1B87">
<createdBy>Matizbychu</createdBy>
<createdTime>2020-01-13 19:39:12 UTC</createdTime>
<ownerDesignName>Main</ownerDesignName>
<engineerTo>
<item key="32AFEBFA-4E55-62C2-576F-759835666702" value="true"/>
</engineerTo>
<useDomainConstraints>false</useDomainConstraints>
<use>1</use>
<logicalDatatype>LOGDT007</logicalDatatype>
<ownDataTypeParameters>,,</ownDataTypeParameters>
</Attribute>
</attributes>
<identifiers itemClass="oracle.dbtools.crest.model.design.logical.CandidateKey">
<identifier id="90244986-E64A-214B-3F28-60C404A2DFF5" name="Linear Electric Motor PK">
<createdBy>Admin</createdBy>
<createdTime>2019-12-16 00:44:19 UTC</createdTime>
<ownerDesignName>Main</ownerDesignName>
<shouldEngineer>false</shouldEngineer>
<engineerTo>
<item key="32AFEBFA-4E55-62C2-576F-759835666702" value="false"/>
</engineerTo>
<pk>true</pk>
<usedAttributes>
<attributeRef>455C898D-928C-5EE2-3CB7-E84F89603F56</attributeRef>
</usedAttributes>
</identifier>
</identifiers>
</Entity>
