<?xml version = '1.0' encoding = 'UTF-8'?>
<Entity class="oracle.dbtools.crest.model.design.logical.Entity" directorySegmentName="seg_0" id="3FC4A6C0-0EB8-67AF-3C4A-102EFA575DE0" name="Tube Segment">
<createdBy>mateusz</createdBy>
<createdTime>2019-12-15 15:04:12 UTC</createdTime>
<ownerDesignName>Main</ownerDesignName>
<engineerTo>
<item key="32AFEBFA-4E55-62C2-576F-759835666702" value="true"/>
</engineerTo>
<adequatelyNormalized>NO</adequatelyNormalized>
<expectedVolumes>0</expectedVolumes>
<fwdEngineeringStrategyName>Single Table</fwdEngineeringStrategyName>
<growthPercent>0</growthPercent>
<growthType>Year</growthType>
<maxVolumes>9999999</maxVolumes>
<minVolumes>0</minVolumes>
<normalForm>Third</normalForm>
<attributes itemClass="oracle.dbtools.crest.model.design.logical.Attribute">
<Attribute name="TS-ID" id="7018867F-BE96-3F8F-2D71-EF0C7225B73E">
<createdBy>Admin</createdBy>
<createdTime>2019-12-16 00:48:04 UTC</createdTime>
<ownerDesignName>Main</ownerDesignName>
<engineerTo>
<item key="32AFEBFA-4E55-62C2-576F-759835666702" value="true"/>
</engineerTo>
<useDomainConstraints>false</useDomainConstraints>
<use>1</use>
<logicalDatatype>A3A3C77D-0366-9768-FF89-1C25E56881C8</logicalDatatype>
<dataTypeSize>10 CHAR</dataTypeSize>
<ownDataTypeParameters>10 CHAR,,</ownDataTypeParameters>
</Attribute>
<Attribute name="Type" id="331305D8-C1C0-F124-6FB2-4043150A6BE8">
<createdBy>Admin</createdBy>
<createdTime>2019-12-15 23:55:22 UTC</createdTime>
<generatorID>35733764-B973-6DFD-0929-A3BF90848366</generatorID>
<ownerDesignName>Main</ownerDesignName>
<engineerTo>
<item key="32AFEBFA-4E55-62C2-576F-759835666702" value="true"/>
</engineerTo>
<referedAttribute>3DE0678A-69AA-E5FD-0CC8-B3FAFF625E90</referedAttribute>
<useDomainConstraints>false</useDomainConstraints>
<use>1</use>
<logicalDatatype>A3A3C77D-0366-9768-FF89-1C25E56881C8</logicalDatatype>
<dataTypeSize>30</dataTypeSize>
<ownDataTypeParameters>30,,</ownDataTypeParameters>
</Attribute>
<Attribute name="Type1" id="03F71493-5BB8-146D-ACED-87210F1770BB">
<createdBy>Admin</createdBy>
<createdTime>2019-12-16 00:05:38 UTC</createdTime>
<generatorID>41AA3F3A-FDB2-1F6A-9464-6715A9CE071B</generatorID>
<ownerDesignName>Main</ownerDesignName>
<engineerTo>
<item key="32AFEBFA-4E55-62C2-576F-759835666702" value="true"/>
</engineerTo>
<referedAttribute>C0A030E6-258B-A81A-ABC4-635A0D7C7C9D</referedAttribute>
<useDomainConstraints>false</useDomainConstraints>
<use>1</use>
<logicalDatatype>A3A3C77D-0366-9768-FF89-1C25E56881C8</logicalDatatype>
<dataTypeSize>30</dataTypeSize>
<ownDataTypeParameters>30,,</ownDataTypeParameters>
</Attribute>
<Attribute name="LEM-ID" id="77C447F7-68AE-AD78-E3BB-E838EF08DCB1">
<createdBy>Admin</createdBy>
<createdTime>2019-12-16 00:48:14 UTC</createdTime>
<generatorID>48700E66-9AC0-C578-4BC0-6EFF763E2C08</generatorID>
<ownerDesignName>Main</ownerDesignName>
<engineerTo>
<item key="32AFEBFA-4E55-62C2-576F-759835666702" value="true"/>
</engineerTo>
<nullsAllowed>true</nullsAllowed>
<referedAttribute>455C898D-928C-5EE2-3CB7-E84F89603F56</referedAttribute>
<useDomainConstraints>false</useDomainConstraints>
<use>1</use>
<logicalDatatype>A3A3C77D-0366-9768-FF89-1C25E56881C8</logicalDatatype>
<dataTypeSize>10 CHAR</dataTypeSize>
<ownDataTypeParameters>10 CHAR,,</ownDataTypeParameters>
</Attribute>
<Attribute name="Location" id="DE3BB0A7-C146-3C3F-ED8C-97F545693ACB">
<createdBy>filip</createdBy>
<createdTime>2019-12-16 14:30:14 UTC</createdTime>
<ownerDesignName>Main</ownerDesignName>
<engineerTo>
<item key="32AFEBFA-4E55-62C2-576F-759835666702" value="true"/>
</engineerTo>
<useDomainConstraints>false</useDomainConstraints>
<use>3</use>
<structuredType>47E390DE-0671-C4B1-8428-0F45CBEE18F8</structuredType>
<ownDataTypeParameters>,,</ownDataTypeParameters>
</Attribute>
<Attribute name="Emergency exit" id="741BA4C0-187C-8633-E113-530A86F9C794">
<createdBy>filip</createdBy>
<createdTime>2019-12-16 16:05:00 UTC</createdTime>
<ownerDesignName>Main</ownerDesignName>
<engineerTo>
<item key="32AFEBFA-4E55-62C2-576F-759835666702" value="true"/>
</engineerTo>
<useDomainConstraints>false</useDomainConstraints>
<use>1</use>
<logicalDatatype>LOGDT006</logicalDatatype>
<dataTypeSize>1</dataTypeSize>
<ownDataTypeParameters>1,,</ownDataTypeParameters>
</Attribute>
<Attribute name="Serial Number" id="9C3C5214-C0AA-AF05-A46C-182497B345FC">
<createdBy>Admin</createdBy>
<createdTime>2019-12-16 20:49:37 UTC</createdTime>
<generatorID>852C925C-02DB-D74A-F4C7-2F7D956EB40F</generatorID>
<ownerDesignName>Main</ownerDesignName>
<engineerTo>
<item key="32AFEBFA-4E55-62C2-576F-759835666702" value="true"/>
</engineerTo>
<referedAttribute>9A270FE0-586F-6726-7531-E101516F7664</referedAttribute>
<useDomainConstraints>false</useDomainConstraints>
<use>1</use>
<logicalDatatype>A3A3C77D-0366-9768-FF89-1C25E56881C8</logicalDatatype>
<dataTypeSize>50</dataTypeSize>
<ownDataTypeParameters>50,,</ownDataTypeParameters>
</Attribute>
<Attribute name="PR-ID" id="89D355B7-7F35-E5E3-533B-76B45F5A7DB8">
<createdBy>Admin</createdBy>
<createdTime>2019-12-16 20:54:44 UTC</createdTime>
<generatorID>852C925C-02DB-D74A-F4C7-2F7D956EB40F</generatorID>
<ownerDesignName>Main</ownerDesignName>
<engineerTo>
<item key="32AFEBFA-4E55-62C2-576F-759835666702" value="true"/>
</engineerTo>
<referedAttribute>130629D3-FDFB-463D-0E00-673ADAD14410</referedAttribute>
<useDomainConstraints>false</useDomainConstraints>
<use>1</use>
<logicalDatatype>A3A3C77D-0366-9768-FF89-1C25E56881C8</logicalDatatype>
<dataTypeSize>50</dataTypeSize>
<ownDataTypeParameters>50,,</ownDataTypeParameters>
</Attribute>
<Attribute name="Avg pressure" id="F76D31CE-030E-FA45-2B05-FDF10BE87C82">
<createdBy>Matizbychu</createdBy>
<createdTime>2020-01-13 17:33:20 UTC</createdTime>
<ownerDesignName>Main</ownerDesignName>
<engineerTo>
<item key="32AFEBFA-4E55-62C2-576F-759835666702" value="true"/>
</engineerTo>
<nullsAllowed>true</nullsAllowed>
<useDomainConstraints>false</useDomainConstraints>
<use>1</use>
<logicalDatatype>LOGDT021</logicalDatatype>
<dataTypePrecision>6</dataTypePrecision>
<dataTypeScale>3</dataTypeScale>
<ownDataTypeParameters>,6,3</ownDataTypeParameters>
</Attribute>
</attributes>
<identifiers itemClass="oracle.dbtools.crest.model.design.logical.CandidateKey">
<identifier id="2F03771B-F7B1-2529-2532-C2D444E87443" name="Tube Segment PK">
<createdBy>Admin</createdBy>
<createdTime>2019-12-16 00:48:10 UTC</createdTime>
<ownerDesignName>Main</ownerDesignName>
<shouldEngineer>false</shouldEngineer>
<engineerTo>
<item key="32AFEBFA-4E55-62C2-576F-759835666702" value="false"/>
</engineerTo>
<pk>true</pk>
<usedAttributes>
<attributeRef>7018867F-BE96-3F8F-2D71-EF0C7225B73E</attributeRef>
</usedAttributes>
</identifier>
</identifiers>
</Entity>
