<?xml version = '1.0' encoding = 'UTF-8'?>
<Entity class="oracle.dbtools.crest.model.design.logical.Entity" directorySegmentName="seg_0" id="4772DA51-36CD-811F-69EA-DFD239F8EFE1" name="Tube on route">
<createdBy>filip</createdBy>
<createdTime>2019-12-16 15:47:50 UTC</createdTime>
<ownerDesignName>Main</ownerDesignName>
<engineerTo>
<item key="32AFEBFA-4E55-62C2-576F-759835666702" value="true"/>
</engineerTo>
<adequatelyNormalized>NO</adequatelyNormalized>
<expectedVolumes>0</expectedVolumes>
<fwdEngineeringStrategyName>Single Table</fwdEngineeringStrategyName>
<growthPercent>0</growthPercent>
<growthType>Year</growthType>
<maxVolumes>9999999</maxVolumes>
<minVolumes>0</minVolumes>
<normalForm>Third</normalForm>
<attributes itemClass="oracle.dbtools.crest.model.design.logical.Attribute">
<Attribute name="TOR-ID" id="9600E0F3-9FA1-C21F-5D78-55A3AEE12F06">
<createdBy>Matizbychu</createdBy>
<createdTime>2019-12-16 19:02:56 UTC</createdTime>
<ownerDesignName>Main</ownerDesignName>
<engineerTo>
<item key="32AFEBFA-4E55-62C2-576F-759835666702" value="true"/>
</engineerTo>
<useDomainConstraints>false</useDomainConstraints>
<use>1</use>
<logicalDatatype>A3A3C77D-0366-9768-FF89-1C25E56881C8</logicalDatatype>
<dataTypeSize>10 CHAR</dataTypeSize>
<ownDataTypeParameters>10 CHAR,,</ownDataTypeParameters>
</Attribute>
<Attribute name="R-ID" id="57454B4E-201C-9959-F127-8BC2D52DA76E">
<createdBy>filip</createdBy>
<createdTime>2019-12-16 15:48:09 UTC</createdTime>
<generatorID>9A2F41E8-99C1-EC67-C2BE-F88BF4B7E9CD</generatorID>
<ownerDesignName>Main</ownerDesignName>
<engineerTo>
<item key="32AFEBFA-4E55-62C2-576F-759835666702" value="true"/>
</engineerTo>
<referedAttribute>9F3BBDD9-D939-8803-99F8-27CB4D1970A5</referedAttribute>
<useDomainConstraints>false</useDomainConstraints>
<use>1</use>
<logicalDatatype>A3A3C77D-0366-9768-FF89-1C25E56881C8</logicalDatatype>
<dataTypeSize>10 CHAR</dataTypeSize>
<ownDataTypeParameters>10 CHAR,,</ownDataTypeParameters>
</Attribute>
</attributes>
<identifiers itemClass="oracle.dbtools.crest.model.design.logical.CandidateKey">
<identifier id="919D69E3-7168-E378-5990-CB8E4F2D87C6" name="Tube on route PK">
<createdBy>filip</createdBy>
<createdTime>2019-12-16 15:48:48 UTC</createdTime>
<ownerDesignName>Main</ownerDesignName>
<shouldEngineer>false</shouldEngineer>
<engineerTo>
<item key="32AFEBFA-4E55-62C2-576F-759835666702" value="false"/>
</engineerTo>
<pk>true</pk>
<usedAttributes>
<attributeRef>57454B4E-201C-9959-F127-8BC2D52DA76E</attributeRef>
<attributeRef>9600E0F3-9FA1-C21F-5D78-55A3AEE12F06</attributeRef>
</usedAttributes>
</identifier>
</identifiers>
</Entity>
