<?xml version = '1.0' encoding = 'UTF-8'?>
<Entity class="oracle.dbtools.crest.model.design.logical.Entity" directorySegmentName="seg_0" id="52B428F7-FD87-A146-34B4-BB5E876DDFCC" name="Element Data">
<createdBy>filip</createdBy>
<createdTime>2019-12-16 13:11:03 UTC</createdTime>
<ownerDesignName>Main</ownerDesignName>
<engineerTo>
<item key="32AFEBFA-4E55-62C2-576F-759835666702" value="true"/>
</engineerTo>
<typeID>4</typeID>
<adequatelyNormalized>NO</adequatelyNormalized>
<expectedVolumes>0</expectedVolumes>
<fwdEngineeringStrategyName>Single Table</fwdEngineeringStrategyName>
<growthPercent>0</growthPercent>
<growthType>Year</growthType>
<maxVolumes>9999999</maxVolumes>
<minVolumes>0</minVolumes>
<normalForm>Third</normalForm>
<attributes itemClass="oracle.dbtools.crest.model.design.logical.Attribute">
<Attribute name="Serial Number" id="9A270FE0-586F-6726-7531-E101516F7664">
<createdBy>filip</createdBy>
<createdTime>2019-12-16 13:14:11 UTC</createdTime>
<ownerDesignName>Main</ownerDesignName>
<engineerTo>
<item key="32AFEBFA-4E55-62C2-576F-759835666702" value="true"/>
</engineerTo>
<useDomainConstraints>false</useDomainConstraints>
<use>1</use>
<logicalDatatype>A3A3C77D-0366-9768-FF89-1C25E56881C8</logicalDatatype>
<dataTypeSize>50</dataTypeSize>
<ownDataTypeParameters>50,,</ownDataTypeParameters>
</Attribute>
<Attribute name="PR-ID" id="130629D3-FDFB-463D-0E00-673ADAD14410">
<createdBy>Admin</createdBy>
<createdTime>2019-12-16 20:49:46 UTC</createdTime>
<generatorID>A22F33F7-B245-A86E-22E7-F3F147D02E0B</generatorID>
<ownerDesignName>Main</ownerDesignName>
<engineerTo>
<item key="32AFEBFA-4E55-62C2-576F-759835666702" value="true"/>
</engineerTo>
<referedAttribute>1B13F8C0-1B4F-56CE-2E6D-069362FD0DED</referedAttribute>
<useDomainConstraints>false</useDomainConstraints>
<use>1</use>
<logicalDatatype>A3A3C77D-0366-9768-FF89-1C25E56881C8</logicalDatatype>
<dataTypeSize>50</dataTypeSize>
<ownDataTypeParameters>50,,</ownDataTypeParameters>
</Attribute>
<Attribute name="Model name" id="FDCFAB64-C2E1-F2D5-544C-3E8404AB1808">
<createdBy>Matizbychu</createdBy>
<createdTime>2020-01-13 20:27:43 UTC</createdTime>
<ownerDesignName>Main</ownerDesignName>
<engineerTo>
<item key="32AFEBFA-4E55-62C2-576F-759835666702" value="true"/>
</engineerTo>
<useDomainConstraints>false</useDomainConstraints>
<use>1</use>
<logicalDatatype>A3A3C77D-0366-9768-FF89-1C25E56881C8</logicalDatatype>
<dataTypeSize>31 CHAR</dataTypeSize>
<ownDataTypeParameters>31 CHAR,,</ownDataTypeParameters>
</Attribute>
</attributes>
<identifiers itemClass="oracle.dbtools.crest.model.design.logical.CandidateKey">
<identifier id="F7CA601A-DEF8-C5C6-9FC5-080A0B5CFF08" name="Producent PK">
<createdBy>filip</createdBy>
<createdTime>2019-12-16 13:11:59 UTC</createdTime>
<ownerDesignName>Main</ownerDesignName>
<shouldEngineer>false</shouldEngineer>
<engineerTo>
<item key="32AFEBFA-4E55-62C2-576F-759835666702" value="false"/>
</engineerTo>
<pk>true</pk>
<usedAttributes>
<attributeRef>9A270FE0-586F-6726-7531-E101516F7664</attributeRef>
<attributeRef>130629D3-FDFB-463D-0E00-673ADAD14410</attributeRef>
</usedAttributes>
</identifier>
</identifiers>
</Entity>
