<?xml version = '1.0' encoding = 'UTF-8'?>
<Entity class="oracle.dbtools.crest.model.design.logical.Entity" directorySegmentName="seg_0" id="73155A7F-A65A-FFBE-6DE0-0C472E44238D" name="Logs">
<createdBy>Matizbychu</createdBy>
<createdTime>2020-01-13 18:01:13 UTC</createdTime>
<ownerDesignName>Main</ownerDesignName>
<engineerTo>
<item key="32AFEBFA-4E55-62C2-576F-759835666702" value="true"/>
</engineerTo>
<adequatelyNormalized>NO</adequatelyNormalized>
<expectedVolumes>0</expectedVolumes>
<fwdEngineeringStrategyName>Single Table</fwdEngineeringStrategyName>
<growthPercent>0</growthPercent>
<growthType>Year</growthType>
<maxVolumes>9999999</maxVolumes>
<minVolumes>0</minVolumes>
<normalForm>Third</normalForm>
<attributes itemClass="oracle.dbtools.crest.model.design.logical.Attribute">
<Attribute name="E-ID" id="7E48AAFA-15FB-CEEE-D664-48015A7B7DC6">
<createdBy>Matizbychu</createdBy>
<createdTime>2020-01-13 18:01:26 UTC</createdTime>
<ownerDesignName>Main</ownerDesignName>
<engineerTo>
<item key="32AFEBFA-4E55-62C2-576F-759835666702" value="true"/>
</engineerTo>
<useDomainConstraints>false</useDomainConstraints>
<use>1</use>
<logicalDatatype>A3A3C77D-0366-9768-FF89-1C25E56881C8</logicalDatatype>
<dataTypeSize>31 CHAR</dataTypeSize>
<ownDataTypeParameters>31 CHAR,,</ownDataTypeParameters>
</Attribute>
<Attribute name="ID type" id="CAED31CD-5AAB-94A2-D33B-BEEC15B41A21">
<createdBy>Matizbychu</createdBy>
<createdTime>2020-01-13 18:01:51 UTC</createdTime>
<ownerDesignName>Main</ownerDesignName>
<engineerTo>
<item key="32AFEBFA-4E55-62C2-576F-759835666702" value="true"/>
</engineerTo>
<useDomainConstraints>false</useDomainConstraints>
<use>1</use>
<logicalDatatype>LOGDT011</logicalDatatype>
<ownDataTypeParameters>,,</ownDataTypeParameters>
</Attribute>
<Attribute name="Date" id="BD0A7E60-85C4-33AF-692A-6583D795E91F">
<createdBy>Matizbychu</createdBy>
<createdTime>2020-01-13 18:03:46 UTC</createdTime>
<ownerDesignName>Main</ownerDesignName>
<engineerTo>
<item key="32AFEBFA-4E55-62C2-576F-759835666702" value="true"/>
</engineerTo>
<useDomainConstraints>false</useDomainConstraints>
<use>1</use>
<logicalDatatype>LOGDT007</logicalDatatype>
<ownDataTypeParameters>,,</ownDataTypeParameters>
</Attribute>
<Attribute name="Data" id="39045B43-A994-C097-01DE-17F1EF17B20C">
<createdBy>Matizbychu</createdBy>
<createdTime>2020-01-13 18:02:24 UTC</createdTime>
<ownerDesignName>Main</ownerDesignName>
<engineerTo>
<item key="32AFEBFA-4E55-62C2-576F-759835666702" value="true"/>
</engineerTo>
<useDomainConstraints>false</useDomainConstraints>
<use>1</use>
<logicalDatatype>A3A3C77D-0366-9768-FF89-1C25E56881C8</logicalDatatype>
<dataTypeSize>2047 CHAR</dataTypeSize>
<ownDataTypeParameters>2047 CHAR,,</ownDataTypeParameters>
</Attribute>
</attributes>
<identifiers itemClass="oracle.dbtools.crest.model.design.logical.CandidateKey">
<identifier id="1D261E29-CC61-0906-6544-545AFB3DEF48" name="Events PK">
<createdBy>Matizbychu</createdBy>
<createdTime>2020-01-13 18:01:45 UTC</createdTime>
<ownerDesignName>Main</ownerDesignName>
<engineerTo>
<item key="32AFEBFA-4E55-62C2-576F-759835666702" value="true"/>
</engineerTo>
<pk>true</pk>
<usedAttributes>
<attributeRef>7E48AAFA-15FB-CEEE-D664-48015A7B7DC6</attributeRef>
</usedAttributes>
</identifier>
</identifiers>
</Entity>
