<?xml version = '1.0' encoding = 'UTF-8'?>
<Entity class="oracle.dbtools.crest.model.design.logical.Entity" directorySegmentName="seg_0" id="C2224039-7D12-FF7E-6627-97E7B75FEDBE" name="Vacuum Pump">
<createdBy>Admin</createdBy>
<createdTime>2019-12-16 00:00:16 UTC</createdTime>
<ownerDesignName>Main</ownerDesignName>
<engineerTo>
<item key="32AFEBFA-4E55-62C2-576F-759835666702" value="true"/>
</engineerTo>
<adequatelyNormalized>NO</adequatelyNormalized>
<expectedVolumes>0</expectedVolumes>
<fwdEngineeringStrategyName>Single Table</fwdEngineeringStrategyName>
<growthPercent>0</growthPercent>
<growthType>Year</growthType>
<maxVolumes>9999999</maxVolumes>
<minVolumes>0</minVolumes>
<normalForm>Third</normalForm>
<attributes itemClass="oracle.dbtools.crest.model.design.logical.Attribute">
<Attribute name="VP-ID" id="D70AAB74-1D54-3D6F-1BB0-1FD8161EDB0B">
<createdBy>Admin</createdBy>
<createdTime>2019-12-16 00:43:32 UTC</createdTime>
<ownerDesignName>Main</ownerDesignName>
<engineerTo>
<item key="32AFEBFA-4E55-62C2-576F-759835666702" value="true"/>
</engineerTo>
<useDomainConstraints>false</useDomainConstraints>
<use>1</use>
<logicalDatatype>A3A3C77D-0366-9768-FF89-1C25E56881C8</logicalDatatype>
<dataTypeSize>10 CHAR</dataTypeSize>
<ownDataTypeParameters>10 CHAR,,</ownDataTypeParameters>
</Attribute>
<Attribute name="TS-ID" id="9E01B8AE-515B-DC48-C442-3094ACC49A3F">
<createdBy>Admin</createdBy>
<createdTime>2019-12-16 00:48:11 UTC</createdTime>
<generatorID>8043ABE3-184A-704A-0C3A-D87E4FE1642B</generatorID>
<ownerDesignName>Main</ownerDesignName>
<engineerTo>
<item key="32AFEBFA-4E55-62C2-576F-759835666702" value="true"/>
</engineerTo>
<nullsAllowed>true</nullsAllowed>
<referedAttribute>7018867F-BE96-3F8F-2D71-EF0C7225B73E</referedAttribute>
<useDomainConstraints>false</useDomainConstraints>
<use>1</use>
<logicalDatatype>A3A3C77D-0366-9768-FF89-1C25E56881C8</logicalDatatype>
<dataTypeSize>10 CHAR</dataTypeSize>
<ownDataTypeParameters>10 CHAR,,</ownDataTypeParameters>
</Attribute>
<Attribute name="Power" id="BDC018A8-7CA2-E28F-50EC-5FBDDB028ED6">
<createdBy>filip</createdBy>
<createdTime>2019-12-16 15:55:53 UTC</createdTime>
<ownerDesignName>Main</ownerDesignName>
<engineerTo>
<item key="32AFEBFA-4E55-62C2-576F-759835666702" value="true"/>
</engineerTo>
<nullsAllowed>true</nullsAllowed>
<useDomainConstraints>false</useDomainConstraints>
<use>1</use>
<logicalDatatype>LOGDT021</logicalDatatype>
<dataTypePrecision>6</dataTypePrecision>
<dataTypeScale>2</dataTypeScale>
<ownDataTypeParameters>,6,2</ownDataTypeParameters>
</Attribute>
<Attribute name="Target pressure" id="19526410-CBED-616B-1405-008D9DF449B4">
<createdBy>filip</createdBy>
<createdTime>2019-12-16 15:58:36 UTC</createdTime>
<ownerDesignName>Main</ownerDesignName>
<engineerTo>
<item key="32AFEBFA-4E55-62C2-576F-759835666702" value="true"/>
</engineerTo>
<nullsAllowed>true</nullsAllowed>
<useDomainConstraints>false</useDomainConstraints>
<use>1</use>
<logicalDatatype>LOGDT021</logicalDatatype>
<dataTypePrecision>6</dataTypePrecision>
<dataTypeScale>2</dataTypeScale>
<ownDataTypeParameters>,6,2</ownDataTypeParameters>
</Attribute>
<Attribute name="Serial Number" id="3D520299-5506-7703-5BF5-CFCE607DF98E">
<createdBy>Admin</createdBy>
<createdTime>2019-12-16 20:49:37 UTC</createdTime>
<generatorID>1E33FFE1-65F0-F6AE-19AA-C9D39EF3D097</generatorID>
<ownerDesignName>Main</ownerDesignName>
<engineerTo>
<item key="32AFEBFA-4E55-62C2-576F-759835666702" value="true"/>
</engineerTo>
<referedAttribute>9A270FE0-586F-6726-7531-E101516F7664</referedAttribute>
<useDomainConstraints>false</useDomainConstraints>
<use>1</use>
<logicalDatatype>A3A3C77D-0366-9768-FF89-1C25E56881C8</logicalDatatype>
<dataTypeSize>50</dataTypeSize>
<ownDataTypeParameters>50,,</ownDataTypeParameters>
</Attribute>
<Attribute name="PR-ID" id="D2A1DD87-098C-0C80-554E-6AA24DFB7703">
<createdBy>Admin</createdBy>
<createdTime>2019-12-16 20:54:44 UTC</createdTime>
<generatorID>1E33FFE1-65F0-F6AE-19AA-C9D39EF3D097</generatorID>
<ownerDesignName>Main</ownerDesignName>
<engineerTo>
<item key="32AFEBFA-4E55-62C2-576F-759835666702" value="true"/>
</engineerTo>
<referedAttribute>130629D3-FDFB-463D-0E00-673ADAD14410</referedAttribute>
<useDomainConstraints>false</useDomainConstraints>
<use>1</use>
<logicalDatatype>A3A3C77D-0366-9768-FF89-1C25E56881C8</logicalDatatype>
<dataTypeSize>50</dataTypeSize>
<ownDataTypeParameters>50,,</ownDataTypeParameters>
</Attribute>
<Attribute name="Maintenance date" id="4F1A6AAB-1687-EC11-79F6-7546F2748C24">
<createdBy>Matizbychu</createdBy>
<createdTime>2020-01-13 19:40:23 UTC</createdTime>
<ownerDesignName>Main</ownerDesignName>
<engineerTo>
<item key="32AFEBFA-4E55-62C2-576F-759835666702" value="true"/>
</engineerTo>
<useDomainConstraints>false</useDomainConstraints>
<use>1</use>
<logicalDatatype>LOGDT007</logicalDatatype>
<ownDataTypeParameters>,,</ownDataTypeParameters>
</Attribute>
</attributes>
<identifiers itemClass="oracle.dbtools.crest.model.design.logical.CandidateKey">
<identifier id="C102042B-11D2-3088-6216-77CDB24CEBA3" name="Vacuum Pump PK">
<createdBy>Admin</createdBy>
<createdTime>2019-12-16 00:43:46 UTC</createdTime>
<ownerDesignName>Main</ownerDesignName>
<shouldEngineer>false</shouldEngineer>
<engineerTo>
<item key="32AFEBFA-4E55-62C2-576F-759835666702" value="false"/>
</engineerTo>
<pk>true</pk>
<usedAttributes>
<attributeRef>D70AAB74-1D54-3D6F-1BB0-1FD8161EDB0B</attributeRef>
</usedAttributes>
</identifier>
</identifiers>
</Entity>
