<?xml version = '1.0' encoding = 'UTF-8'?>
<Entity class="oracle.dbtools.crest.model.design.logical.Entity" directorySegmentName="seg_0" id="E4005F69-C7B7-B86C-DE64-E437D86C348D" name="Pylon">
<createdBy>mateusz</createdBy>
<createdTime>2019-12-15 14:03:47 UTC</createdTime>
<ownerDesignName>Main</ownerDesignName>
<engineerTo>
<item key="32AFEBFA-4E55-62C2-576F-759835666702" value="true"/>
</engineerTo>
<adequatelyNormalized>NO</adequatelyNormalized>
<expectedVolumes>0</expectedVolumes>
<fwdEngineeringStrategyName>Single Table</fwdEngineeringStrategyName>
<growthPercent>0</growthPercent>
<growthType>Year</growthType>
<maxVolumes>9999999</maxVolumes>
<minVolumes>0</minVolumes>
<normalForm>Third</normalForm>
<attributes itemClass="oracle.dbtools.crest.model.design.logical.Attribute">
<Attribute name="P-ID" id="F6A15DA8-8F6A-D30A-FCBF-3EC72C8EC61F">
<createdBy>Admin</createdBy>
<createdTime>2019-12-16 00:46:49 UTC</createdTime>
<ownerDesignName>Main</ownerDesignName>
<engineerTo>
<item key="32AFEBFA-4E55-62C2-576F-759835666702" value="true"/>
</engineerTo>
<useDomainConstraints>false</useDomainConstraints>
<use>1</use>
<logicalDatatype>LOGDT011</logicalDatatype>
<ownDataTypeParameters>,,</ownDataTypeParameters>
</Attribute>
<Attribute name="Length" id="9DA0C05E-C12D-3954-F946-C21C414A5A50">
<createdBy>filip</createdBy>
<createdTime>2019-12-16 13:05:40 UTC</createdTime>
<ownerDesignName>Main</ownerDesignName>
<engineerTo>
<item key="32AFEBFA-4E55-62C2-576F-759835666702" value="true"/>
</engineerTo>
<useDomainConstraints>false</useDomainConstraints>
<use>1</use>
<logicalDatatype>LOGDT021</logicalDatatype>
<dataTypePrecision>4</dataTypePrecision>
<dataTypeScale>3</dataTypeScale>
<ownDataTypeParameters>,4,3</ownDataTypeParameters>
</Attribute>
<Attribute name="D-ID" id="5B72FCD8-6DD0-8F53-B196-2F51432D2097">
<createdBy>filip</createdBy>
<createdTime>2019-12-16 13:09:33 UTC</createdTime>
<generatorID>428797A7-8696-4D58-E785-04B9270744D8</generatorID>
<ownerDesignName>Main</ownerDesignName>
<engineerTo>
<item key="32AFEBFA-4E55-62C2-576F-759835666702" value="true"/>
</engineerTo>
<referedAttribute>DC4C5A81-57DE-F49F-4CBB-B87A8AC11AC8</referedAttribute>
<useDomainConstraints>false</useDomainConstraints>
<use>1</use>
<logicalDatatype>A3A3C77D-0366-9768-FF89-1C25E56881C8</logicalDatatype>
<dataTypeSize>6 CHAR</dataTypeSize>
<ownDataTypeParameters>6 CHAR,,</ownDataTypeParameters>
</Attribute>
<Attribute name="TS-ID" id="F6A15473-60BF-B3A7-1C66-9C5957290237">
<createdBy>filip</createdBy>
<createdTime>2019-12-16 15:24:29 UTC</createdTime>
<generatorID>6DD64A4A-9B01-A0A7-7DB9-CDED7ADEDE44</generatorID>
<ownerDesignName>Main</ownerDesignName>
<engineerTo>
<item key="32AFEBFA-4E55-62C2-576F-759835666702" value="true"/>
</engineerTo>
<nullsAllowed>true</nullsAllowed>
<referedAttribute>7018867F-BE96-3F8F-2D71-EF0C7225B73E</referedAttribute>
<useDomainConstraints>false</useDomainConstraints>
<use>1</use>
<logicalDatatype>A3A3C77D-0366-9768-FF89-1C25E56881C8</logicalDatatype>
<dataTypeSize>10 CHAR</dataTypeSize>
<ownDataTypeParameters>10 CHAR,,</ownDataTypeParameters>
</Attribute>
<Attribute name="Unit" id="A8DD6E0A-004F-2C18-8904-FDC5CBF3884E">
<createdBy>Admin</createdBy>
<createdTime>2019-12-16 20:23:39 UTC</createdTime>
<generatorID>DC3FF741-478E-D452-1978-78C2619CC24A</generatorID>
<ownerDesignName>Main</ownerDesignName>
<engineerTo>
<item key="32AFEBFA-4E55-62C2-576F-759835666702" value="true"/>
</engineerTo>
<referedAttribute>C1D75422-4D90-3C97-CA57-869F7C19296E</referedAttribute>
<useDomainConstraints>false</useDomainConstraints>
<use>1</use>
<logicalDatatype>A3A3C77D-0366-9768-FF89-1C25E56881C8</logicalDatatype>
<dataTypeSize>10</dataTypeSize>
<ownDataTypeParameters>10,,</ownDataTypeParameters>
</Attribute>
<Attribute name="Status" id="AA355D9C-9ECE-7651-E61A-CC0149A08BB7">
<createdBy>Matizbychu</createdBy>
<createdTime>2020-01-13 18:13:09 UTC</createdTime>
<generatorID>CEC89D9D-2082-51BB-DA78-F4C7DA75197F</generatorID>
<ownerDesignName>Main</ownerDesignName>
<engineerTo>
<item key="32AFEBFA-4E55-62C2-576F-759835666702" value="true"/>
</engineerTo>
<referedAttribute>FEA9D947-79E6-C156-A99A-D9EA2A399EE9</referedAttribute>
<useDomainConstraints>false</useDomainConstraints>
<use>1</use>
<logicalDatatype>A3A3C77D-0366-9768-FF89-1C25E56881C8</logicalDatatype>
<dataTypeSize>30</dataTypeSize>
<ownDataTypeParameters>,,</ownDataTypeParameters>
</Attribute>
<Attribute name="Maintenance date" id="DEEE7C0F-EF32-8499-AF6B-F5FF67AA9E2C">
<createdBy>Matizbychu</createdBy>
<createdTime>2020-01-13 19:39:54 UTC</createdTime>
<ownerDesignName>Main</ownerDesignName>
<engineerTo>
<item key="32AFEBFA-4E55-62C2-576F-759835666702" value="true"/>
</engineerTo>
<useDomainConstraints>false</useDomainConstraints>
<use>1</use>
<logicalDatatype>LOGDT007</logicalDatatype>
<ownDataTypeParameters>,,</ownDataTypeParameters>
</Attribute>
</attributes>
<identifiers itemClass="oracle.dbtools.crest.model.design.logical.CandidateKey">
<identifier id="94376983-4D20-7F5F-327D-F6D94816F757" name="Pylon PK">
<createdBy>Admin</createdBy>
<createdTime>2019-12-16 00:46:57 UTC</createdTime>
<ownerDesignName>Main</ownerDesignName>
<shouldEngineer>false</shouldEngineer>
<engineerTo>
<item key="32AFEBFA-4E55-62C2-576F-759835666702" value="false"/>
</engineerTo>
<pk>true</pk>
<usedAttributes>
<attributeRef>F6A15DA8-8F6A-D30A-FCBF-3EC72C8EC61F</attributeRef>
</usedAttributes>
</identifier>
</identifiers>
</Entity>
