<?xml version = '1.0' encoding = 'UTF-8'?>
<Relation class="oracle.dbtools.crest.model.design.logical.Relation" name="Relation_64" directorySegmentName="seg_0" id="1E33FFE1-65F0-F6AE-19AA-C9D39EF3D097">
<createdBy>filip</createdBy>
<createdTime>2019-12-16 13:26:26 UTC</createdTime>
<ownerDesignName>Main</ownerDesignName>
<engineerTo>
<item key="32AFEBFA-4E55-62C2-576F-759835666702" value="true"/>
</engineerTo>
<sourcePk>F7CA601A-DEF8-C5C6-9FC5-080A0B5CFF08</sourcePk>
<identifying>false</identifying>
<optionalSource>true</optionalSource>
<optionalTarget>false</optionalTarget>
<sourceCardinality>1</sourceCardinality>
<sourceEntity>52B428F7-FD87-A146-34B4-BB5E876DDFCC</sourceEntity>
<targetCardinalityString>*</targetCardinalityString>
<targetEntity>C2224039-7D12-FF7E-6627-97E7B75FEDBE</targetEntity>
<transferable>true</transferable>
<deleteRule>NO ACTION</deleteRule>
</Relation>
