<?xml version = '1.0' encoding = 'UTF-8'?>
<Relation class="oracle.dbtools.crest.model.design.logical.Relation" name="Relation_59" directorySegmentName="seg_0" id="23A2CA8C-463E-0241-F473-9C2B49A0B33E">
<createdBy>filip</createdBy>
<createdTime>2019-12-16 13:25:53 UTC</createdTime>
<ownerDesignName>Main</ownerDesignName>
<engineerTo>
<item key="32AFEBFA-4E55-62C2-576F-759835666702" value="true"/>
</engineerTo>
<sourcePk>F7CA601A-DEF8-C5C6-9FC5-080A0B5CFF08</sourcePk>
<identifying>false</identifying>
<optionalSource>true</optionalSource>
<optionalTarget>false</optionalTarget>
<sourceCardinality>1</sourceCardinality>
<sourceEntity>52B428F7-FD87-A146-34B4-BB5E876DDFCC</sourceEntity>
<targetCardinalityString>*</targetCardinalityString>
<targetEntity>6266FC71-1249-8971-A981-C1E606A95B41</targetEntity>
<transferable>true</transferable>
<deleteRule>NO ACTION</deleteRule>
</Relation>
