<?xml version = '1.0' encoding = 'UTF-8'?>
<Relation class="oracle.dbtools.crest.model.design.logical.Relation" name="Relation_37" directorySegmentName="seg_0" id="253E160F-9E2F-6688-17A8-B3A00ED6907B">
<createdBy>mateusz</createdBy>
<createdTime>2019-12-15 15:19:11 UTC</createdTime>
<ownerDesignName>Main</ownerDesignName>
<targetPk>2F03771B-F7B1-2529-2532-C2D444E87443</targetPk>
<identifying>false</identifying>
<optionalSource>true</optionalSource>
<optionalTarget>true</optionalTarget>
<sourceCardinality>*</sourceCardinality>
<sourceEntity>6266FC71-1249-8971-A981-C1E606A95B41</sourceEntity>
<targetCardinalityString>1</targetCardinalityString>
<targetEntity>3FC4A6C0-0EB8-67AF-3C4A-102EFA575DE0</targetEntity>
<transferable>true</transferable>
<deleteRule>NO ACTION</deleteRule>
</Relation>
