<?xml version = '1.0' encoding = 'UTF-8'?>
<Relation class="oracle.dbtools.crest.model.design.logical.Relation" name="Relation_20" directorySegmentName="seg_0" id="2E246714-3450-B7C5-B9B7-947F43A5F65A">
<createdBy>Admin</createdBy>
<createdTime>2019-12-15 23:56:05 UTC</createdTime>
<ownerDesignName>Main</ownerDesignName>
<engineerTo>
<item key="32AFEBFA-4E55-62C2-576F-759835666702" value="true"/>
</engineerTo>
<sourcePk>8EEBEB25-E459-234E-3058-4AC3BBCD7088</sourcePk>
<identifying>false</identifying>
<optionalSource>true</optionalSource>
<optionalTarget>false</optionalTarget>
<sourceCardinality>1</sourceCardinality>
<sourceEntity>5556CF4C-C628-5F1F-3926-53C987216625</sourceEntity>
<targetCardinalityString>*</targetCardinalityString>
<targetEntity>3FC4A6C0-0EB8-67AF-3C4A-102EFA575DE0</targetEntity>
<transferable>true</transferable>
<deleteRule>NO ACTION</deleteRule>
</Relation>
