<?xml version = '1.0' encoding = 'UTF-8'?>
<Relation class="oracle.dbtools.crest.model.design.logical.Relation" name="Relation_17" directorySegmentName="seg_0" id="35733764-B973-6DFD-0929-A3BF90848366">
<createdBy>Admin</createdBy>
<createdTime>2019-12-15 23:55:22 UTC</createdTime>
<ownerDesignName>Main</ownerDesignName>
<sourcePk>567A41FD-EF6D-1834-8A8F-6E7CDBC21E20</sourcePk>
<identifying>false</identifying>
<optionalSource>true</optionalSource>
<optionalTarget>false</optionalTarget>
<sourceCardinality>1</sourceCardinality>
<sourceEntity>41EBB80B-31B9-ABB3-D7C4-16545F3A117F</sourceEntity>
<targetCardinalityString>*</targetCardinalityString>
<targetEntity>3FC4A6C0-0EB8-67AF-3C4A-102EFA575DE0</targetEntity>
<transferable>true</transferable>
<deleteRule>NO ACTION</deleteRule>
</Relation>
