<?xml version = '1.0' encoding = 'UTF-8'?>
<Relation class="oracle.dbtools.crest.model.design.logical.Relation" name="Relation_34" directorySegmentName="seg_0" id="428797A7-8696-4D58-E785-04B9270744D8">
<createdBy>mateusz</createdBy>
<createdTime>2019-12-15 15:02:53 UTC</createdTime>
<ownerDesignName>Main</ownerDesignName>
<sourcePk>D6DC8945-6215-5C1B-9755-21E5374B0571</sourcePk>
<targetPk>94376983-4D20-7F5F-327D-F6D94816F757</targetPk>
<identifying>false</identifying>
<optionalSource>true</optionalSource>
<optionalTarget>false</optionalTarget>
<sourceCardinality>1</sourceCardinality>
<sourceEntity>E61A488F-2ED6-3A65-1080-B04E03A241EE</sourceEntity>
<targetCardinalityString>1</targetCardinalityString>
<targetEntity>E4005F69-C7B7-B86C-DE64-E437D86C348D</targetEntity>
<transferable>true</transferable>
<deleteRule>NO ACTION</deleteRule>
</Relation>