<?xml version = '1.0' encoding = 'UTF-8'?>
<Relation class="oracle.dbtools.crest.model.design.logical.Relation" name="Relation_90" directorySegmentName="seg_0" id="443D074C-F41F-4C9B-A3F5-5BF44028D4F4">
<createdBy>filip</createdBy>
<createdTime>2019-12-16 15:52:08 UTC</createdTime>
<ownerDesignName>Main</ownerDesignName>
<engineerTo>
<item key="32AFEBFA-4E55-62C2-576F-759835666702" value="true"/>
</engineerTo>
<sourcePk>8A40EADE-8466-ED61-E476-D3C880E7DFAE</sourcePk>
<targetPk>28F7EAB4-9B5A-5347-7596-649A25F4B4F1</targetPk>
<identifying>false</identifying>
<optionalSource>true</optionalSource>
<optionalTarget>false</optionalTarget>
<sourceCardinality>*</sourceCardinality>
<sourceEntity>A4F36881-DEF3-D23F-E285-7AB82F438C16</sourceEntity>
<targetCardinalityString>*</targetCardinalityString>
<targetEntity>70665114-0026-7291-82B8-9844E915C13D</targetEntity>
<transferable>true</transferable>
<deleteRule>NO ACTION</deleteRule>
</Relation>
