<?xml version = '1.0' encoding = 'UTF-8'?>
<Relation class="oracle.dbtools.crest.model.design.logical.Relation" name="Relation_61" directorySegmentName="seg_0" id="6830837D-2495-1007-11F1-466A971443C9">
<createdBy>filip</createdBy>
<createdTime>2019-12-16 13:26:05 UTC</createdTime>
<ownerDesignName>Main</ownerDesignName>
<engineerTo>
<item key="32AFEBFA-4E55-62C2-576F-759835666702" value="true"/>
</engineerTo>
<sourcePk>F7CA601A-DEF8-C5C6-9FC5-080A0B5CFF08</sourcePk>
<identifying>false</identifying>
<optionalSource>true</optionalSource>
<optionalTarget>false</optionalTarget>
<sourceCardinality>1</sourceCardinality>
<sourceEntity>52B428F7-FD87-A146-34B4-BB5E876DDFCC</sourceEntity>
<targetCardinalityString>*</targetCardinalityString>
<targetEntity>0E9E4F3A-8BEB-C3F6-D004-9AFB30B7DDE0</targetEntity>
<transferable>true</transferable>
<deleteRule>NO ACTION</deleteRule>
</Relation>
