<?xml version = '1.0' encoding = 'UTF-8'?>
<Relation class="oracle.dbtools.crest.model.design.logical.Relation" name="Relation_86" directorySegmentName="seg_0" id="6DD64A4A-9B01-A0A7-7DB9-CDED7ADEDE44">
<createdBy>filip</createdBy>
<createdTime>2019-12-16 15:24:29 UTC</createdTime>
<ownerDesignName>Main</ownerDesignName>
<sourcePk>2F03771B-F7B1-2529-2532-C2D444E87443</sourcePk>
<identifying>false</identifying>
<optionalSource>false</optionalSource>
<optionalTarget>true</optionalTarget>
<sourceCardinality>1</sourceCardinality>
<sourceEntity>70665114-0026-7291-82B8-9844E915C13D</sourceEntity>
<targetCardinalityString>*</targetCardinalityString>
<targetEntity>E4005F69-C7B7-B86C-DE64-E437D86C348D</targetEntity>
<transferable>true</transferable>
<deleteRule>NO ACTION</deleteRule>
</Relation>