<?xml version = '1.0' encoding = 'UTF-8'?>
<Relation class="oracle.dbtools.crest.model.design.logical.Relation" name="Relation_93" directorySegmentName="seg_0" id="919AFBAE-A1C1-87CD-0F00-04C79CB8F08B">
<createdBy>Admin</createdBy>
<createdTime>2019-12-16 20:03:41 UTC</createdTime>
<ownerDesignName>Main</ownerDesignName>
<engineerTo>
<item key="32AFEBFA-4E55-62C2-576F-759835666702" value="true"/>
</engineerTo>
<sourcePk>8A40EADE-8466-ED61-E476-D3C880E7DFAE</sourcePk>
<targetPk>94487A45-545C-9CB9-292B-8B30FD8636A8</targetPk>
<identifying>false</identifying>
<optionalSource>true</optionalSource>
<optionalTarget>false</optionalTarget>
<sourceCardinality>1</sourceCardinality>
<sourceEntity>A4F36881-DEF3-D23F-E285-7AB82F438C16</sourceEntity>
<targetCardinalityString>*</targetCardinalityString>
<targetEntity>0E9E4F3A-8BEB-C3F6-D004-9AFB30B7DDE0</targetEntity>
<transferable>true</transferable>
<deleteRule>NO ACTION</deleteRule>
</Relation>
