<?xml version = '1.0' encoding = 'UTF-8'?>
<Relation class="oracle.dbtools.crest.model.design.logical.Relation" name="Relation_32" directorySegmentName="seg_0" id="91AF8596-D307-B7C6-ADE9-A48C9D5F1565">
<createdBy>mateusz</createdBy>
<createdTime>2019-12-15 15:00:28 UTC</createdTime>
<ownerDesignName>Main</ownerDesignName>
<engineerTo>
<item key="32AFEBFA-4E55-62C2-576F-759835666702" value="true"/>
</engineerTo>
<sourcePk>D298D33A-ECF7-7356-550A-0EB5A81BC4DF</sourcePk>
<identifying>false</identifying>
<optionalSource>false</optionalSource>
<optionalTarget>false</optionalTarget>
<sourceCardinality>1</sourceCardinality>
<sourceEntity>7F2D7187-4B9B-0703-3998-8CB1CFC7A980</sourceEntity>
<targetCardinalityString>*</targetCardinalityString>
<targetEntity>BE8CFC5E-810E-E0C0-7E60-AA7624D270C7</targetEntity>
<transferable>true</transferable>
<deleteRule>NO ACTION</deleteRule>
</Relation>
