<?xml version = '1.0' encoding = 'UTF-8'?>
<Relation class="oracle.dbtools.crest.model.design.logical.Relation" name="Relation_88" directorySegmentName="seg_0" id="9A2F41E8-99C1-EC67-C2BE-F88BF4B7E9CD">
<createdBy>filip</createdBy>
<createdTime>2019-12-16 15:48:09 UTC</createdTime>
<ownerDesignName>Main</ownerDesignName>
<sourcePk>A588C43E-A823-F734-19C7-A99D46475681</sourcePk>
<identifying>true</identifying>
<optionalSource>true</optionalSource>
<optionalTarget>false</optionalTarget>
<sourceCardinality>1</sourceCardinality>
<sourceEntity>2376F73E-1DC9-A41F-1111-060CB1FAC29A</sourceEntity>
<targetCardinalityString>*</targetCardinalityString>
<targetEntity>4772DA51-36CD-811F-69EA-DFD239F8EFE1</targetEntity>
<transferable>true</transferable>
<deleteRule>NO ACTION</deleteRule>
</Relation>