<?xml version = '1.0' encoding = 'UTF-8'?>
<Relation class="oracle.dbtools.crest.model.design.logical.Relation" name="Relation_75" directorySegmentName="seg_0" id="9AD18D26-778B-A13E-447C-7E9C124478B4">
<createdBy>filip</createdBy>
<createdTime>2019-12-16 14:36:53 UTC</createdTime>
<ownerDesignName>Main</ownerDesignName>
<engineerTo>
<item key="32AFEBFA-4E55-62C2-576F-759835666702" value="true"/>
</engineerTo>
<sourcePk>8EEBEB25-E459-234E-3058-4AC3BBCD7088</sourcePk>
<identifying>false</identifying>
<optionalSource>true</optionalSource>
<optionalTarget>false</optionalTarget>
<sourceCardinality>1</sourceCardinality>
<sourceEntity>5556CF4C-C628-5F1F-3926-53C987216625</sourceEntity>
<targetCardinalityString>*</targetCardinalityString>
<targetEntity>6266FC71-1249-8971-A981-C1E606A95B41</targetEntity>
<transferable>true</transferable>
<deleteRule>NO ACTION</deleteRule>
</Relation>
