<?xml version = '1.0' encoding = 'UTF-8'?>
<Relation class="oracle.dbtools.crest.model.design.logical.Relation" name="Relation_99" directorySegmentName="seg_0" id="E189DD3D-7141-037A-2EBC-F9066C64F5A2">
<createdBy>Admin</createdBy>
<createdTime>2019-12-16 20:27:34 UTC</createdTime>
<ownerDesignName>Main</ownerDesignName>
<engineerTo>
<item key="32AFEBFA-4E55-62C2-576F-759835666702" value="true"/>
</engineerTo>
<sourcePk>8A40EADE-8466-ED61-E476-D3C880E7DFAE</sourcePk>
<identifying>false</identifying>
<optionalSource>true</optionalSource>
<optionalTarget>false</optionalTarget>
<sourceCardinality>1</sourceCardinality>
<sourceEntity>A4F36881-DEF3-D23F-E285-7AB82F438C16</sourceEntity>
<targetCardinalityString>*</targetCardinalityString>
<targetEntity>2376F73E-1DC9-A41F-1111-060CB1FAC29A</targetEntity>
<transferable>true</transferable>
<deleteRule>NO ACTION</deleteRule>
</Relation>
