<?xml version = '1.0' encoding = 'UTF-8'?>
<Relation class="oracle.dbtools.crest.model.design.logical.Relation" name="Relation_53" directorySegmentName="seg_0" id="E1BA7526-4A84-4B6D-9DDD-7DD9DDBF227A">
<createdBy>filip</createdBy>
<createdTime>2019-12-16 12:07:57 UTC</createdTime>
<ownerDesignName>Main</ownerDesignName>
<sourcePk>54949D93-373F-9F34-50A0-CEBC14FC8008</sourcePk>
<identifying>false</identifying>
<optionalSource>false</optionalSource>
<optionalTarget>true</optionalTarget>
<sourceCardinality>1</sourceCardinality>
<sourceEntity>EB19BF81-77B2-9F13-0544-FCDF32BC7938</sourceEntity>
<targetCardinalityString>*</targetCardinalityString>
<targetEntity>3AE8EB90-461D-2650-20F2-64ABF76E64DD</targetEntity>
<transferable>true</transferable>
<deleteRule>NO ACTION</deleteRule>
</Relation>
