<?xml version = '1.0' encoding = 'UTF-8'?>
<Relation class="oracle.dbtools.crest.model.design.logical.Relation" name="Relation_82" directorySegmentName="seg_0" id="E8419E46-5845-9637-FC79-6C0A45A9F678">
<createdBy>Admin</createdBy>
<createdTime>2019-12-16 20:00:53 UTC</createdTime>
<ownerDesignName>Main</ownerDesignName>
<engineerTo>
<item key="32AFEBFA-4E55-62C2-576F-759835666702" value="true"/>
</engineerTo>
<sourcePk>8A40EADE-8466-ED61-E476-D3C880E7DFAE</sourcePk>
<targetPk>A3255EAA-5A5E-C763-232C-7D346E0A8183</targetPk>
<identifying>false</identifying>
<optionalSource>true</optionalSource>
<optionalTarget>false</optionalTarget>
<sourceCardinality>1</sourceCardinality>
<sourceEntity>A4F36881-DEF3-D23F-E285-7AB82F438C16</sourceEntity>
<targetCardinalityString>*</targetCardinalityString>
<targetEntity>6266FC71-1249-8971-A981-C1E606A95B41</targetEntity>
<transferable>true</transferable>
<deleteRule>NO ACTION</deleteRule>
</Relation>
