<?xml version = '1.0' encoding = 'UTF-8'?>
<Relation class="oracle.dbtools.crest.model.design.logical.Relation" name="Relation_107" directorySegmentName="seg_0" id="F09816CD-3DFD-03A9-5986-29EE628506D4">
<createdBy>Admin</createdBy>
<createdTime>2020-01-08 08:59:08 UTC</createdTime>
<ownerDesignName>Main</ownerDesignName>
<engineerTo>
<item key="32AFEBFA-4E55-62C2-576F-759835666702" value="true"/>
</engineerTo>
<sourcePk>A588C43E-A823-F734-19C7-A99D46475681</sourcePk>
<targetPk>74B69F84-6CCC-88BE-E1D4-0D8DA186A507</targetPk>
<identifying>false</identifying>
<nameOnSource>End</nameOnSource>
<optionalSource>false</optionalSource>
<optionalTarget>true</optionalTarget>
<sourceCardinality>1</sourceCardinality>
<sourceEntity>2376F73E-1DC9-A41F-1111-060CB1FAC29A</sourceEntity>
<targetCardinalityString>1</targetCardinalityString>
<targetEntity>C21A8B6C-1EC0-60FA-DDB2-FC7CC6461B78</targetEntity>
<transferable>true</transferable>
<deleteRule>NO ACTION</deleteRule>
</Relation>
