<?xml version = '1.0' encoding = 'UTF-8'?>
<Relation class="oracle.dbtools.crest.model.design.logical.Relation" name="Relation_63" directorySegmentName="seg_0" id="F4B6BD94-BA42-2BE6-9B34-C15704310F03">
<createdBy>Matizbychu</createdBy>
<createdTime>2020-01-13 18:15:58 UTC</createdTime>
<ownerDesignName>Main</ownerDesignName>
<engineerTo>
<item key="32AFEBFA-4E55-62C2-576F-759835666702" value="true"/>
</engineerTo>
<sourcePk>5682D6E7-D55D-5D6E-0894-11AEFFF0439C</sourcePk>
<identifying>false</identifying>
<optionalSource>true</optionalSource>
<optionalTarget>false</optionalTarget>
<sourceCardinality>1</sourceCardinality>
<sourceEntity>5556CF4C-C628-5F1F-3926-53C987216625</sourceEntity>
<targetCardinalityString>*</targetCardinalityString>
<targetEntity>7F2D7187-4B9B-0703-3998-8CB1CFC7A980</targetEntity>
<transferable>true</transferable>
<deleteRule>NO ACTION</deleteRule>
</Relation>
