<?xml version = '1.0' encoding = 'UTF-8'?>
<Relation class="oracle.dbtools.crest.model.design.logical.Relation" name="Relation_77" directorySegmentName="seg_0" id="F676F7FC-8E07-2CC4-1211-6046D97A1950">
<createdBy>filip</createdBy>
<createdTime>2019-12-16 14:37:39 UTC</createdTime>
<ownerDesignName>Main</ownerDesignName>
<engineerTo>
<item key="32AFEBFA-4E55-62C2-576F-759835666702" value="true"/>
</engineerTo>
<sourcePk>8EEBEB25-E459-234E-3058-4AC3BBCD7088</sourcePk>
<identifying>false</identifying>
<optionalSource>true</optionalSource>
<optionalTarget>false</optionalTarget>
<sourceCardinality>1</sourceCardinality>
<sourceEntity>5556CF4C-C628-5F1F-3926-53C987216625</sourceEntity>
<targetCardinalityString>*</targetCardinalityString>
<targetEntity>E61A488F-2ED6-3A65-1080-B04E03A241EE</targetEntity>
<transferable>true</transferable>
<deleteRule>NO ACTION</deleteRule>
</Relation>
