<?xml version = '1.0' encoding = 'UTF-8'?>
<FKIndexAssociation class="oracle.dbtools.crest.model.design.relational.FKIndexAssociation" directorySegmentName="seg_1" id="2C079F52-FB03-0A89-3C8B-32D39EC9C506" containerWithKeyObject="35DCBCF4-EF97-00B5-F55B-0AC83F060A5D" localFKIndex="932C167F-6482-801E-CAD4-650CCE5673B2" name="Power_Measurment_Unit">
<createdBy>Admin</createdBy>
<createdTime>2019-12-16 21:31:06 UTC</createdTime>
<generatorID>8A40EADE-8466-ED61-E476-D3C880E7DFAE</generatorID>
<ownerDesignName>Main</ownerDesignName>
<referredTableLongName>Measurment_Unit</referredTableLongName>
<deleteRule>NO ACTION</deleteRule>
<referredTableID>4E545B98-7D0F-ABBD-C348-715C16801DDE</referredTableID>
<keyObject>A0AC96EA-1598-C0BA-8A26-08CDBB9B94E7</keyObject>
<referredKeyID>A0AC96EA-1598-C0BA-8A26-08CDBB9B94E7</referredKeyID>
<mandatory>true</mandatory>
<refColNames>Unit</refColNames>
<transferable>true</transferable>
<rely>false</rely>
<columnDependencyConstraintGenerateInDDL>true</columnDependencyConstraintGenerateInDDL>
</FKIndexAssociation>
