<?xml version = '1.0' encoding = 'UTF-8'?>
<FKIndexAssociation class="oracle.dbtools.crest.model.design.relational.FKIndexAssociation" directorySegmentName="seg_1" id="32C656DA-8A33-0947-3253-D180DC99DC52" containerWithKeyObject="09D8AFCB-1C17-A629-9D6A-4A972B61E404" localFKIndex="C6AE9C75-39A4-DF9F-E57D-A0FC501150C7" name="Tube_on_route_Installed_tube_FK">
<createdBy>Admin</createdBy>
<createdTime>2019-12-16 20:58:57 UTC</createdTime>
<generatorID>B178BDFB-B6B2-6375-103D-2508240C8838</generatorID>
<ownerDesignName>Main</ownerDesignName>
<referredTableLongName>Installed_tube</referredTableLongName>
<deleteRule>NO ACTION</deleteRule>
<referredTableID>C485006A-11C9-E261-858C-3519351C9FA2</referredTableID>
<keyObject>99EAC992-8A33-7CDB-982C-B478D1F235AE</keyObject>
<referredKeyID>99EAC992-8A33-7CDB-982C-B478D1F235AE</referredKeyID>
<mandatory>true</mandatory>
<transferable>true</transferable>
<rely>false</rely>
<columnDependencyConstraintGenerateInDDL>true</columnDependencyConstraintGenerateInDDL>
</FKIndexAssociation>
