<?xml version = '1.0' encoding = 'UTF-8'?>
<FKIndexAssociation class="oracle.dbtools.crest.model.design.relational.FKIndexAssociation" directorySegmentName="seg_1" id="41CAC211-36FC-50B7-E7B1-62ED6403E941" containerWithKeyObject="FF4FE357-5069-A58E-D0A2-03115C65734C" localFKIndex="BB2A484B-8B2D-F19E-0C33-DFF6FD6B7A27" name="Altitude">
<createdBy>Admin</createdBy>
<createdTime>2019-12-16 21:33:55 UTC</createdTime>
<generatorID>8A40EADE-8466-ED61-E476-D3C880E7DFAE</generatorID>
<ownerDesignName>Main</ownerDesignName>
<referredTableLongName>Measurment_Unit</referredTableLongName>
<deleteRule>NO ACTION</deleteRule>
<referredTableID>4E545B98-7D0F-ABBD-C348-715C16801DDE</referredTableID>
<keyObject>A0AC96EA-1598-C0BA-8A26-08CDBB9B94E7</keyObject>
<referredKeyID>A0AC96EA-1598-C0BA-8A26-08CDBB9B94E7</referredKeyID>
<mandatory>true</mandatory>
<refColNames>Unit</refColNames>
<transferable>true</transferable>
<rely>false</rely>
<columnDependencyConstraintGenerateInDDL>true</columnDependencyConstraintGenerateInDDL>
</FKIndexAssociation>
