<?xml version = '1.0' encoding = 'UTF-8'?>
<Table class="oracle.dbtools.crest.model.design.relational.Table" directorySegmentName="seg_0" id="1407D13C-5A83-55F8-CC0A-194A1A5BB547" name="Status">
<createdBy>Matizbychu</createdBy>
<createdTime>2019-12-16 19:10:24 UTC</createdTime>
<generatorID>5556CF4C-C628-5F1F-3926-53C987216625</generatorID>
<ownerDesignName>Main</ownerDesignName>
<typeID>4</typeID>
<allowColumnReorder>false</allowColumnReorder>
<existDependencyGenerateInDDl>true</existDependencyGenerateInDDl>
<parsed>true</parsed>
<columns itemClass="oracle.dbtools.crest.model.design.relational.Column">
<Column name="Status" id="F13374D0-F1D4-BD26-8F1F-0BBE30BC442F">
<createdBy>Matizbychu</createdBy>
<createdTime>2019-12-16 19:10:24 UTC</createdTime>
<generatorID>FEA9D947-79E6-C156-A99A-D9EA2A399EE9</generatorID>
<ownerDesignName>Main</ownerDesignName>
<useDomainConstraints>false</useDomainConstraints>
<use>1</use>
<logicalDatatype>A3A3C77D-0366-9768-FF89-1C25E56881C8</logicalDatatype>
<dataTypeSize>30</dataTypeSize>
<ownDataTypeParameters>30,,</ownDataTypeParameters>
<autoIncrementCycle>false</autoIncrementCycle>
</Column>
</columns>
<indexes itemClass="oracle.dbtools.crest.model.design.relational.Index">
<ind_PK_UK id="92299AC0-BD9F-1074-CBCB-68F0C461A0A5" name="Status_PK">
<createdBy>Matizbychu</createdBy>
<createdTime>2019-12-16 19:10:24 UTC</createdTime>
<generatorID>5682D6E7-D55D-5D6E-0894-11AEFFF0439C</generatorID>
<ownerDesignName>Main</ownerDesignName>
<pk>true</pk>
<indexState>Primary Constraint</indexState>
<isSurrogateKey>false</isSurrogateKey>
<indexColumnUsage>
<colUsage columnID="F13374D0-F1D4-BD26-8F1F-0BBE30BC442F"/>
</indexColumnUsage>
</ind_PK_UK>
</indexes>
</Table>
