<?xml version = '1.0' encoding = 'UTF-8'?>
<Table class="oracle.dbtools.crest.model.design.relational.Table" directorySegmentName="seg_0" id="17C4CD3A-AA39-417D-7D72-67296A9596D3" name="Battery">
<createdBy>Matizbychu</createdBy>
<createdTime>2019-12-16 19:10:24 UTC</createdTime>
<generatorID>0E9E4F3A-8BEB-C3F6-D004-9AFB30B7DDE0</generatorID>
<ownerDesignName>Main</ownerDesignName>
<allowColumnReorder>false</allowColumnReorder>
<existDependencyGenerateInDDl>true</existDependencyGenerateInDDl>
<parsed>true</parsed>
<columns itemClass="oracle.dbtools.crest.model.design.relational.Column">
<Column name="B-ID" id="60D31008-D765-FD53-A495-50A01E50E41A">
<createdBy>Matizbychu</createdBy>
<createdTime>2019-12-16 19:10:24 UTC</createdTime>
<generatorID>B4EAE304-0783-9B0B-7926-B7A837BCF41D</generatorID>
<ownerDesignName>Main</ownerDesignName>
<useDomainConstraints>false</useDomainConstraints>
<use>1</use>
<logicalDatatype>A3A3C77D-0366-9768-FF89-1C25E56881C8</logicalDatatype>
<dataTypeSize>10 CHAR</dataTypeSize>
<ownDataTypeParameters>10 CHAR,,</ownDataTypeParameters>
<autoIncrementCycle>false</autoIncrementCycle>
</Column>
<Column name="Charge" id="CEEF4D92-F0B6-731D-FEB0-DD69DA9E788B">
<createdBy>Admin</createdBy>
<createdTime>2020-01-09 09:49:16 UTC</createdTime>
<ownerDesignName>Main</ownerDesignName>
<nullsAllowed>true</nullsAllowed>
<useDomainConstraints>false</useDomainConstraints>
<use>1</use>
<logicalDatatype>LOGDT021</logicalDatatype>
<dataTypePrecision>4</dataTypePrecision>
<dataTypeScale>2</dataTypeScale>
<ownDataTypeParameters>,4,2</ownDataTypeParameters>
<autoIncrementCycle>false</autoIncrementCycle>
</Column>
<Column name="Capacity" id="CD92763C-7564-1496-3237-860C0B79B508">
<createdBy>Matizbychu</createdBy>
<createdTime>2019-12-16 19:10:24 UTC</createdTime>
<generatorID>1BF4105E-841A-0E9A-4A80-70E8340525FB</generatorID>
<ownerDesignName>Main</ownerDesignName>
<useDomainConstraints>false</useDomainConstraints>
<use>1</use>
<logicalDatatype>LOGDT020</logicalDatatype>
<ownDataTypeParameters>,,</ownDataTypeParameters>
<autoIncrementCycle>false</autoIncrementCycle>
</Column>
<Column name="Capacity_Unit" id="B3082375-ADE0-912F-2AA2-7B2FF594226D">
<createdBy>Admin</createdBy>
<createdTime>2019-12-16 20:08:25 UTC</createdTime>
<generatorID>D425DA76-B72E-5C7D-F196-B20CDC64BE61</generatorID>
<ownerDesignName>Main</ownerDesignName>
<useDomainConstraints>false</useDomainConstraints>
<use>1</use>
<logicalDatatype>A3A3C77D-0366-9768-FF89-1C25E56881C8</logicalDatatype>
<dataTypeSize>10</dataTypeSize>
<ownDataTypeParameters>,,</ownDataTypeParameters>
<previousColumn>false</previousColumn>
<autoIncrementCycle>false</autoIncrementCycle>
<associations>
<colAssociation fkAssociation="5EB005D6-0D0A-D7E5-EA2F-4EB5E0AA4D68" referredColumn="C233462C-D000-0FC1-6E5D-2A802E77E60C"/>
</associations>
</Column>
<Column name="Serial_Number" id="4B70B043-93A3-352D-09AB-6FC34479ECA0">
<createdBy>Matizbychu</createdBy>
<createdTime>2019-12-16 19:10:24 UTC</createdTime>
<generatorID>40396F77-34AF-D962-8BD3-ED2C48976AF6</generatorID>
<ownerDesignName>Main</ownerDesignName>
<useDomainConstraints>false</useDomainConstraints>
<use>1</use>
<logicalDatatype>A3A3C77D-0366-9768-FF89-1C25E56881C8</logicalDatatype>
<dataTypeSize>50</dataTypeSize>
<ownDataTypeParameters>,,</ownDataTypeParameters>
<previousColumn>false</previousColumn>
<autoIncrementCycle>false</autoIncrementCycle>
<associations>
<colAssociation fkAssociation="5717CC24-F180-515E-3279-BC80B828B3BA" referredColumn="5D1F0432-B3BA-D74F-54AE-C00FC0FFBC3A"/>
</associations>
</Column>
<Column name="Element_Status_Status" id="ACE38F54-AAD4-2736-022C-BC0BFFCCC434">
<createdBy>Matizbychu</createdBy>
<createdTime>2019-12-16 19:10:24 UTC</createdTime>
<generatorID>B1BEAA61-7A7C-077B-E531-6625AE2BE540</generatorID>
<ownerDesignName>Main</ownerDesignName>
<useDomainConstraints>false</useDomainConstraints>
<use>1</use>
<logicalDatatype>A3A3C77D-0366-9768-FF89-1C25E56881C8</logicalDatatype>
<dataTypeSize>30</dataTypeSize>
<ownDataTypeParameters>,,</ownDataTypeParameters>
<previousColumn>false</previousColumn>
<autoIncrementCycle>false</autoIncrementCycle>
<associations>
<colAssociation fkAssociation="0CCD00A1-CE58-F438-02DC-60F185081BE0" referredColumn="5F9985A0-687E-0A70-0708-6C174DB6B11B"/>
</associations>
</Column>
<Column name="Energy_Grid_ID" id="8260F5CE-CFA7-E6C9-20E0-58FD44A9CFC0">
<createdBy>Matizbychu</createdBy>
<createdTime>2019-12-16 19:10:24 UTC</createdTime>
<generatorID>A6627046-B531-76DB-49A5-C28727B90A96</generatorID>
<ownerDesignName>Main</ownerDesignName>
<nullsAllowed>true</nullsAllowed>
<useDomainConstraints>false</useDomainConstraints>
<use>1</use>
<logicalDatatype>A3A3C77D-0366-9768-FF89-1C25E56881C8</logicalDatatype>
<dataTypeSize>10 CHAR</dataTypeSize>
<ownDataTypeParameters>,,</ownDataTypeParameters>
<previousColumn>false</previousColumn>
<autoIncrementCycle>false</autoIncrementCycle>
<associations>
<colAssociation fkAssociation="BDE3CD5C-ED14-52C0-F6CC-005811EACCBB" referredColumn="74CAAD39-A4BF-3A11-47C3-9C3FE4428122"/>
</associations>
</Column>
<Column name="Producent_ID" id="44CACE51-9140-3A9C-5954-B198F8D67478">
<createdBy>Admin</createdBy>
<createdTime>2019-12-16 20:58:08 UTC</createdTime>
<generatorID>4373BAA1-963A-8C33-3150-B28AB61F687C</generatorID>
<ownerDesignName>Main</ownerDesignName>
<useDomainConstraints>false</useDomainConstraints>
<use>1</use>
<logicalDatatype>A3A3C77D-0366-9768-FF89-1C25E56881C8</logicalDatatype>
<dataTypeSize>50</dataTypeSize>
<ownDataTypeParameters>,,</ownDataTypeParameters>
<previousColumn>false</previousColumn>
<autoIncrementCycle>false</autoIncrementCycle>
<associations>
<colAssociation fkAssociation="5717CC24-F180-515E-3279-BC80B828B3BA" referredColumn="1EAD36F8-8E64-B2E8-B88F-33FDBF8412B2"/>
</associations>
</Column>
</columns>
<indexes itemClass="oracle.dbtools.crest.model.design.relational.Index">
<ind_PK_UK id="AB53599F-577E-E352-8488-07CA2617B272" name="Battery_PK">
<createdBy>Matizbychu</createdBy>
<createdTime>2019-12-16 19:10:24 UTC</createdTime>
<generatorID>94487A45-545C-9CB9-292B-8B30FD8636A8</generatorID>
<ownerDesignName>Main</ownerDesignName>
<pk>true</pk>
<indexState>Primary Constraint</indexState>
<isSurrogateKey>false</isSurrogateKey>
<indexColumnUsage>
<colUsage columnID="60D31008-D765-FD53-A495-50A01E50E41A"/>
</indexColumnUsage>
</ind_PK_UK>
<ind_PK_UK id="96298CC6-9448-6FDC-383D-EE7863CFDA52" name="Battery_Energy_Grid_FK">
<createdBy>Matizbychu</createdBy>
<createdTime>2019-12-16 19:10:24 UTC</createdTime>
<generatorID>D21EAE3B-4766-004F-D093-A6C52876EBB5</generatorID>
<ownerDesignName>Main</ownerDesignName>
<indexState>Foreign Key</indexState>
<isSurrogateKey>false</isSurrogateKey>
<indexColumnUsage>
<colUsage columnID="8260F5CE-CFA7-E6C9-20E0-58FD44A9CFC0"/>
</indexColumnUsage>
</ind_PK_UK>
<ind_PK_UK id="54748436-FE71-0DD4-D7DA-6BD3B0CB7081" name="Battery_Producent_Serial_Number_FK">
<createdBy>Matizbychu</createdBy>
<createdTime>2019-12-16 19:10:24 UTC</createdTime>
<generatorID>6830837D-2495-1007-11F1-466A971443C9</generatorID>
<ownerDesignName>Main</ownerDesignName>
<indexState>Foreign Key</indexState>
<isSurrogateKey>false</isSurrogateKey>
<indexColumnUsage>
<colUsage columnID="4B70B043-93A3-352D-09AB-6FC34479ECA0"/>
<colUsage columnID="44CACE51-9140-3A9C-5954-B198F8D67478"/>
</indexColumnUsage>
</ind_PK_UK>
<ind_PK_UK id="A81FEBA2-2483-19E1-A35F-49C9DF00019B" name="Battery_Element_Status_FK">
<createdBy>Matizbychu</createdBy>
<createdTime>2019-12-16 19:10:24 UTC</createdTime>
<generatorID>E82936AE-14FB-ABE7-9D42-80AB37A04BAA</generatorID>
<ownerDesignName>Main</ownerDesignName>
<indexState>Foreign Key</indexState>
<isSurrogateKey>false</isSurrogateKey>
<indexColumnUsage>
<colUsage columnID="ACE38F54-AAD4-2736-022C-BC0BFFCCC434"/>
</indexColumnUsage>
</ind_PK_UK>
<ind_PK_UK id="06D3D5E9-1213-0212-1064-49E1643F8DCB" name="Battery_Measurment_Unit_FK">
<createdBy>Admin</createdBy>
<createdTime>2019-12-16 20:08:25 UTC</createdTime>
<generatorID>919AFBAE-A1C1-87CD-0F00-04C79CB8F08B</generatorID>
<ownerDesignName>Main</ownerDesignName>
<indexState>Foreign Key</indexState>
<isSurrogateKey>false</isSurrogateKey>
<indexColumnUsage>
<colUsage columnID="B3082375-ADE0-912F-2AA2-7B2FF594226D"/>
</indexColumnUsage>
</ind_PK_UK>
</indexes>
</Table>
