<?xml version = '1.0' encoding = 'UTF-8'?>
<Table class="oracle.dbtools.crest.model.design.relational.Table" directorySegmentName="seg_0" id="7C58F0AA-6AC7-2403-FB48-0BD4F424DDBB" name="Terrain_Type">
<createdBy>Matizbychu</createdBy>
<createdTime>2019-12-16 19:10:24 UTC</createdTime>
<generatorID>41EBB80B-31B9-ABB3-D7C4-16545F3A117F</generatorID>
<ownerDesignName>Main</ownerDesignName>
<typeID>4</typeID>
<allowColumnReorder>false</allowColumnReorder>
<existDependencyGenerateInDDl>true</existDependencyGenerateInDDl>
<parsed>true</parsed>
<columns itemClass="oracle.dbtools.crest.model.design.relational.Column">
<Column name="Type" id="BC50831E-2B12-A690-BB54-7B38F16A637C">
<createdBy>Matizbychu</createdBy>
<createdTime>2019-12-16 19:10:24 UTC</createdTime>
<generatorID>3DE0678A-69AA-E5FD-0CC8-B3FAFF625E90</generatorID>
<ownerDesignName>Main</ownerDesignName>
<useDomainConstraints>false</useDomainConstraints>
<use>1</use>
<logicalDatatype>A3A3C77D-0366-9768-FF89-1C25E56881C8</logicalDatatype>
<dataTypeSize>30</dataTypeSize>
<ownDataTypeParameters>30,,</ownDataTypeParameters>
<autoIncrementCycle>false</autoIncrementCycle>
</Column>
</columns>
<indexes itemClass="oracle.dbtools.crest.model.design.relational.Index">
<ind_PK_UK id="B7C1C84C-0799-CB0D-5071-7DBA1363C0BC" name="Terrain_Type_PK">
<createdBy>Matizbychu</createdBy>
<createdTime>2019-12-16 19:10:24 UTC</createdTime>
<generatorID>567A41FD-EF6D-1834-8A8F-6E7CDBC21E20</generatorID>
<ownerDesignName>Main</ownerDesignName>
<pk>true</pk>
<indexState>Primary Constraint</indexState>
<isSurrogateKey>false</isSurrogateKey>
<indexColumnUsage>
<colUsage columnID="BC50831E-2B12-A690-BB54-7B38F16A637C"/>
</indexColumnUsage>
</ind_PK_UK>
</indexes>
</Table>
