<?xml version = '1.0' encoding = 'UTF-8'?>
<Table class="oracle.dbtools.crest.model.design.relational.Table" directorySegmentName="seg_0" id="BEF71257-8798-8032-BC72-7AA0789440C9" name="Station">
<createdBy>Matizbychu</createdBy>
<createdTime>2019-12-16 19:10:24 UTC</createdTime>
<generatorID>C21A8B6C-1EC0-60FA-DDB2-FC7CC6461B78</generatorID>
<ownerDesignName>Main</ownerDesignName>
<allowColumnReorder>false</allowColumnReorder>
<existDependencyGenerateInDDl>true</existDependencyGenerateInDDl>
<parsed>true</parsed>
<columns itemClass="oracle.dbtools.crest.model.design.relational.Column">
<Column name="Station_name" id="87B0D52F-0580-886C-7B5D-D97391EF352C">
<createdBy>Matizbychu</createdBy>
<createdTime>2019-12-16 19:10:24 UTC</createdTime>
<generatorID>87DCDB1E-C1C8-9921-3445-158A4BBA7CFA</generatorID>
<ownerDesignName>Main</ownerDesignName>
<useDomainConstraints>false</useDomainConstraints>
<use>1</use>
<logicalDatatype>A3A3C77D-0366-9768-FF89-1C25E56881C8</logicalDatatype>
<dataTypeSize>63 CHAR</dataTypeSize>
<ownDataTypeParameters>63 CHAR,,</ownDataTypeParameters>
<autoIncrementCycle>false</autoIncrementCycle>
</Column>
<Column name="Status" id="EBD57703-7E60-873B-F3A0-201DB26E7F4B">
<createdBy>Matizbychu</createdBy>
<createdTime>2019-12-16 19:10:24 UTC</createdTime>
<generatorID>8BF0D582-4371-AD17-8A65-14978414DA0F</generatorID>
<ownerDesignName>Main</ownerDesignName>
<useDomainConstraints>false</useDomainConstraints>
<use>1</use>
<logicalDatatype>A3A3C77D-0366-9768-FF89-1C25E56881C8</logicalDatatype>
<dataTypeSize>30</dataTypeSize>
<ownDataTypeParameters>,,</ownDataTypeParameters>
<previousColumn>false</previousColumn>
<autoIncrementCycle>false</autoIncrementCycle>
<associations>
<colAssociation fkAssociation="1C8EB8B7-E979-65FB-6B08-55B38F909E36" referredColumn="F13374D0-F1D4-BD26-8F1F-0BBE30BC442F"/>
</associations>
</Column>
</columns>
<indexes itemClass="oracle.dbtools.crest.model.design.relational.Index">
<ind_PK_UK id="33C76EB2-05E3-7400-3B52-DA33019003E8" name="Station_PK">
<createdBy>Matizbychu</createdBy>
<createdTime>2019-12-16 19:10:24 UTC</createdTime>
<generatorID>74B69F84-6CCC-88BE-E1D4-0D8DA186A507</generatorID>
<ownerDesignName>Main</ownerDesignName>
<pk>true</pk>
<indexState>Primary Constraint</indexState>
<isSurrogateKey>false</isSurrogateKey>
<indexColumnUsage>
<colUsage columnID="87B0D52F-0580-886C-7B5D-D97391EF352C"/>
</indexColumnUsage>
</ind_PK_UK>
<ind_PK_UK id="CB8E066B-7F23-C97E-779E-3F2877B55016" name="Station_Status_FK">
<createdBy>Matizbychu</createdBy>
<createdTime>2019-12-16 19:10:24 UTC</createdTime>
<generatorID>DD008DA5-DA4F-4769-ECAD-28DBA5F3DB88</generatorID>
<ownerDesignName>Main</ownerDesignName>
<indexState>Foreign Key</indexState>
<isSurrogateKey>false</isSurrogateKey>
<indexColumnUsage>
<colUsage columnID="EBD57703-7E60-873B-F3A0-201DB26E7F4B"/>
</indexColumnUsage>
</ind_PK_UK>
</indexes>
</Table>
