<?xml version = '1.0' encoding = 'UTF-8'?>
<Table class="oracle.dbtools.crest.model.design.relational.Table" directorySegmentName="seg_0" id="C117C6C4-99CF-9368-12EB-ACCB663BEB6A" name="Route">
<createdBy>Matizbychu</createdBy>
<createdTime>2019-12-16 19:10:24 UTC</createdTime>
<generatorID>2376F73E-1DC9-A41F-1111-060CB1FAC29A</generatorID>
<ownerDesignName>Main</ownerDesignName>
<allowColumnReorder>false</allowColumnReorder>
<existDependencyGenerateInDDl>true</existDependencyGenerateInDDl>
<parsed>true</parsed>
<columns itemClass="oracle.dbtools.crest.model.design.relational.Column">
<Column name="R-ID" id="69D6C6F3-190E-CF8A-1E4F-395AACA65EB5">
<createdBy>Matizbychu</createdBy>
<createdTime>2019-12-16 19:10:24 UTC</createdTime>
<generatorID>9F3BBDD9-D939-8803-99F8-27CB4D1970A5</generatorID>
<ownerDesignName>Main</ownerDesignName>
<useDomainConstraints>false</useDomainConstraints>
<use>1</use>
<logicalDatatype>A3A3C77D-0366-9768-FF89-1C25E56881C8</logicalDatatype>
<dataTypeSize>10 CHAR</dataTypeSize>
<ownDataTypeParameters>10 CHAR,,</ownDataTypeParameters>
<autoIncrementCycle>false</autoIncrementCycle>
</Column>
<Column name="Expected_duration" id="B8C24E3B-B135-157D-6805-27AE407DD751">
<createdBy>Matizbychu</createdBy>
<createdTime>2019-12-16 19:10:24 UTC</createdTime>
<generatorID>713682F2-DD3E-526C-4D3D-1FFBFEB377E8</generatorID>
<ownerDesignName>Main</ownerDesignName>
<useDomainConstraints>false</useDomainConstraints>
<use>1</use>
<logicalDatatype>LOGDT014</logicalDatatype>
<ownDataTypeParameters>,,</ownDataTypeParameters>
<autoIncrementCycle>false</autoIncrementCycle>
</Column>
<Column name="Length" id="49C5777F-0014-51D3-82F5-B00F202B43EB">
<createdBy>Matizbychu</createdBy>
<createdTime>2019-12-16 19:10:24 UTC</createdTime>
<generatorID>C814710B-5A96-2D8D-F5C9-00AE73AE43B9</generatorID>
<ownerDesignName>Main</ownerDesignName>
<useDomainConstraints>false</useDomainConstraints>
<use>1</use>
<logicalDatatype>LOGDT021</logicalDatatype>
<ownDataTypeParameters>,,</ownDataTypeParameters>
<autoIncrementCycle>false</autoIncrementCycle>
</Column>
<Column name="Length_Unit" id="990342D0-A0FA-548D-8622-BA1CB016D485">
<createdBy>Admin</createdBy>
<createdTime>2019-12-16 20:33:46 UTC</createdTime>
<generatorID>88670A98-A81C-0827-8E95-2ED2B9707337</generatorID>
<ownerDesignName>Main</ownerDesignName>
<useDomainConstraints>false</useDomainConstraints>
<use>1</use>
<logicalDatatype>A3A3C77D-0366-9768-FF89-1C25E56881C8</logicalDatatype>
<dataTypeSize>10</dataTypeSize>
<ownDataTypeParameters>,,</ownDataTypeParameters>
<previousColumn>false</previousColumn>
<autoIncrementCycle>false</autoIncrementCycle>
<associations>
<colAssociation fkAssociation="AE576170-807C-15FB-449F-63FF774EE822" referredColumn="C233462C-D000-0FC1-6E5D-2A802E77E60C"/>
</associations>
</Column>
<Column name="Status" id="215FC41B-99E7-5948-9F85-442701345096">
<createdBy>Matizbychu</createdBy>
<createdTime>2019-12-16 19:10:24 UTC</createdTime>
<generatorID>8F36B402-C908-4DFA-20FA-95C76E2816D6</generatorID>
<ownerDesignName>Main</ownerDesignName>
<useDomainConstraints>false</useDomainConstraints>
<use>1</use>
<logicalDatatype>A3A3C77D-0366-9768-FF89-1C25E56881C8</logicalDatatype>
<dataTypeSize>30</dataTypeSize>
<ownDataTypeParameters>,,</ownDataTypeParameters>
<previousColumn>false</previousColumn>
<autoIncrementCycle>false</autoIncrementCycle>
<associations>
<colAssociation fkAssociation="6880BC2F-2F57-8D51-BABC-8A1F50D07D12" referredColumn="F13374D0-F1D4-BD26-8F1F-0BBE30BC442F"/>
</associations>
</Column>
<Column name="Start" id="6E83C8F9-2986-D3E3-48CF-712889CC1AE4">
<createdBy>Admin</createdBy>
<createdTime>2019-12-16 21:37:37 UTC</createdTime>
<ownerDesignName>Main</ownerDesignName>
<useDomainConstraints>false</useDomainConstraints>
<use>1</use>
<logicalDatatype>A3A3C77D-0366-9768-FF89-1C25E56881C8</logicalDatatype>
<dataTypeSize>63 CHAR</dataTypeSize>
<ownDataTypeParameters>,,</ownDataTypeParameters>
<previousColumn>false</previousColumn>
<autoIncrementCycle>false</autoIncrementCycle>
<associations>
<colAssociation fkAssociation="795FCFD3-C773-865D-CAC6-F8448ECC49F2" referredColumn="87B0D52F-0580-886C-7B5D-D97391EF352C"/>
</associations>
</Column>
<Column name="End" id="8D35770A-B3C2-18CE-85A4-244D510A1E9F">
<createdBy>Admin</createdBy>
<createdTime>2019-12-16 21:37:51 UTC</createdTime>
<ownerDesignName>Main</ownerDesignName>
<useDomainConstraints>false</useDomainConstraints>
<use>1</use>
<logicalDatatype>A3A3C77D-0366-9768-FF89-1C25E56881C8</logicalDatatype>
<dataTypeSize>63 CHAR</dataTypeSize>
<ownDataTypeParameters>,,</ownDataTypeParameters>
<previousColumn>false</previousColumn>
<autoIncrementCycle>false</autoIncrementCycle>
<associations>
<colAssociation fkAssociation="A1BD5659-920D-C6DC-0623-10BB7EDB5A6E" referredColumn="87B0D52F-0580-886C-7B5D-D97391EF352C"/>
</associations>
</Column>
</columns>
<indexes itemClass="oracle.dbtools.crest.model.design.relational.Index">
<ind_PK_UK id="79907C0B-E01E-C11F-4D6B-4192B9C494B4" name="Route_PK">
<createdBy>Matizbychu</createdBy>
<createdTime>2019-12-16 19:10:24 UTC</createdTime>
<generatorID>A588C43E-A823-F734-19C7-A99D46475681</generatorID>
<ownerDesignName>Main</ownerDesignName>
<pk>true</pk>
<indexState>Primary Constraint</indexState>
<isSurrogateKey>false</isSurrogateKey>
<indexColumnUsage>
<colUsage columnID="69D6C6F3-190E-CF8A-1E4F-395AACA65EB5"/>
</indexColumnUsage>
</ind_PK_UK>
<ind_PK_UK id="43630678-DAF5-BA21-DEFE-B56015ED8A37" name="Route_Status_FK">
<createdBy>Matizbychu</createdBy>
<createdTime>2019-12-16 19:10:24 UTC</createdTime>
<generatorID>C7D071DE-F341-E35F-CD5C-FC7CFA412E5D</generatorID>
<ownerDesignName>Main</ownerDesignName>
<indexState>Foreign Key</indexState>
<isSurrogateKey>false</isSurrogateKey>
<indexColumnUsage>
<colUsage columnID="215FC41B-99E7-5948-9F85-442701345096"/>
</indexColumnUsage>
</ind_PK_UK>
<ind_PK_UK id="66D4E6D2-4148-6738-4D08-D2A77BDF9DDD" name="Route_Measurment_Unit_FK">
<createdBy>Admin</createdBy>
<createdTime>2019-12-16 20:33:46 UTC</createdTime>
<generatorID>E189DD3D-7141-037A-2EBC-F9066C64F5A2</generatorID>
<ownerDesignName>Main</ownerDesignName>
<indexState>Foreign Key</indexState>
<isSurrogateKey>false</isSurrogateKey>
<indexColumnUsage>
<colUsage columnID="990342D0-A0FA-548D-8622-BA1CB016D485"/>
</indexColumnUsage>
</ind_PK_UK>
<ind_PK_UK id="2D177E29-8CB9-C46D-36C4-2CA11130F652" name="Start">
<createdBy>Admin</createdBy>
<createdTime>2019-12-16 21:37:37 UTC</createdTime>
<generatorID>74B69F84-6CCC-88BE-E1D4-0D8DA186A507</generatorID>
<ownerDesignName>Main</ownerDesignName>
<indexState>Foreign Key</indexState>
<isSurrogateKey>false</isSurrogateKey>
<indexColumnUsage>
<colUsage columnID="6E83C8F9-2986-D3E3-48CF-712889CC1AE4"/>
</indexColumnUsage>
</ind_PK_UK>
<ind_PK_UK id="D4D79729-C700-BD15-BA0E-6B30B835D3CA" name="End">
<createdBy>Admin</createdBy>
<createdTime>2019-12-16 21:37:51 UTC</createdTime>
<generatorID>74B69F84-6CCC-88BE-E1D4-0D8DA186A507</generatorID>
<ownerDesignName>Main</ownerDesignName>
<indexState>Foreign Key</indexState>
<isSurrogateKey>false</isSurrogateKey>
<indexColumnUsage>
<colUsage columnID="8D35770A-B3C2-18CE-85A4-244D510A1E9F"/>
</indexColumnUsage>
</ind_PK_UK>
</indexes>
</Table>
