<?xml version = '1.0' encoding = 'UTF-8'?>
<Table class="oracle.dbtools.crest.model.design.relational.Table" directorySegmentName="seg_0" id="DB17546A-C927-AEB8-0A0F-BD530F5E7529" name="Damper">
<createdBy>Matizbychu</createdBy>
<createdTime>2019-12-16 19:10:24 UTC</createdTime>
<generatorID>E61A488F-2ED6-3A65-1080-B04E03A241EE</generatorID>
<ownerDesignName>Main</ownerDesignName>
<allowColumnReorder>false</allowColumnReorder>
<existDependencyGenerateInDDl>true</existDependencyGenerateInDDl>
<parsed>true</parsed>
<columns itemClass="oracle.dbtools.crest.model.design.relational.Column">
<Column name="D-ID" id="A3B37855-7B1F-5281-283F-5FA8B72D5405">
<createdBy>Matizbychu</createdBy>
<createdTime>2019-12-16 19:10:24 UTC</createdTime>
<generatorID>DC4C5A81-57DE-F49F-4CBB-B87A8AC11AC8</generatorID>
<ownerDesignName>Main</ownerDesignName>
<useDomainConstraints>false</useDomainConstraints>
<use>1</use>
<logicalDatatype>A3A3C77D-0366-9768-FF89-1C25E56881C8</logicalDatatype>
<dataTypeSize>6 CHAR</dataTypeSize>
<ownDataTypeParameters>6 CHAR,,</ownDataTypeParameters>
<autoIncrementCycle>false</autoIncrementCycle>
</Column>
<Column name="Serial_Number" id="B6B7DD6F-741F-8034-EADB-EE2BFB8DCC8B">
<createdBy>Matizbychu</createdBy>
<createdTime>2019-12-16 19:10:24 UTC</createdTime>
<generatorID>A8A9A29D-AD14-AD00-15F4-1CFB6D830A00</generatorID>
<ownerDesignName>Main</ownerDesignName>
<useDomainConstraints>false</useDomainConstraints>
<use>1</use>
<logicalDatatype>A3A3C77D-0366-9768-FF89-1C25E56881C8</logicalDatatype>
<dataTypeSize>50</dataTypeSize>
<ownDataTypeParameters>,,</ownDataTypeParameters>
<previousColumn>false</previousColumn>
<autoIncrementCycle>false</autoIncrementCycle>
<associations>
<colAssociation fkAssociation="C3086383-27B5-E5F0-29CF-24F3DBAC93C2" referredColumn="5D1F0432-B3BA-D74F-54AE-C00FC0FFBC3A"/>
</associations>
</Column>
<Column name="Status" id="31F0E596-32F4-11AF-45A5-23B4A0505E18">
<createdBy>Matizbychu</createdBy>
<createdTime>2019-12-16 19:10:24 UTC</createdTime>
<generatorID>195C7FC2-391D-16F4-4AC9-4F81BB207274</generatorID>
<ownerDesignName>Main</ownerDesignName>
<useDomainConstraints>false</useDomainConstraints>
<use>1</use>
<logicalDatatype>A3A3C77D-0366-9768-FF89-1C25E56881C8</logicalDatatype>
<dataTypeSize>30</dataTypeSize>
<ownDataTypeParameters>,,</ownDataTypeParameters>
<previousColumn>false</previousColumn>
<autoIncrementCycle>false</autoIncrementCycle>
<associations>
<colAssociation fkAssociation="5BC57EF7-8DFE-C33C-03BF-5F86256305BC" referredColumn="5F9985A0-687E-0A70-0708-6C174DB6B11B"/>
</associations>
</Column>
<Column name="Producent_ID" id="F5E43717-4B89-E44D-E0D8-2108049EBB57">
<createdBy>Admin</createdBy>
<createdTime>2019-12-16 20:58:08 UTC</createdTime>
<generatorID>E42420E5-7844-269E-AF56-97AF752EF250</generatorID>
<ownerDesignName>Main</ownerDesignName>
<useDomainConstraints>false</useDomainConstraints>
<use>1</use>
<logicalDatatype>A3A3C77D-0366-9768-FF89-1C25E56881C8</logicalDatatype>
<dataTypeSize>50</dataTypeSize>
<ownDataTypeParameters>,,</ownDataTypeParameters>
<previousColumn>false</previousColumn>
<autoIncrementCycle>false</autoIncrementCycle>
<associations>
<colAssociation fkAssociation="C3086383-27B5-E5F0-29CF-24F3DBAC93C2" referredColumn="1EAD36F8-8E64-B2E8-B88F-33FDBF8412B2"/>
</associations>
</Column>
</columns>
<indexes itemClass="oracle.dbtools.crest.model.design.relational.Index">
<ind_PK_UK id="89F8ED6F-DB9F-9F28-DDAA-0A69B48ACF00" name="Damper_PK">
<createdBy>Matizbychu</createdBy>
<createdTime>2019-12-16 19:10:24 UTC</createdTime>
<generatorID>D6DC8945-6215-5C1B-9755-21E5374B0571</generatorID>
<ownerDesignName>Main</ownerDesignName>
<pk>true</pk>
<indexState>Primary Constraint</indexState>
<isSurrogateKey>false</isSurrogateKey>
<indexColumnUsage>
<colUsage columnID="A3B37855-7B1F-5281-283F-5FA8B72D5405"/>
</indexColumnUsage>
</ind_PK_UK>
<ind_PK_UK id="20A62E52-FF1A-0D94-43DA-1AEBB9F21B6B" name="Damper_Producent_Serial_Number_FK">
<createdBy>Matizbychu</createdBy>
<createdTime>2019-12-16 19:10:24 UTC</createdTime>
<generatorID>FC4B1169-9A60-E03E-1B23-40DE35073AD9</generatorID>
<ownerDesignName>Main</ownerDesignName>
<indexState>Foreign Key</indexState>
<isSurrogateKey>false</isSurrogateKey>
<indexColumnUsage>
<colUsage columnID="B6B7DD6F-741F-8034-EADB-EE2BFB8DCC8B"/>
<colUsage columnID="F5E43717-4B89-E44D-E0D8-2108049EBB57"/>
</indexColumnUsage>
</ind_PK_UK>
<ind_PK_UK id="3CAE5EC6-AAC5-A0B5-04DC-477F64EA49F8" name="Damper_Element_Status_FK">
<createdBy>Matizbychu</createdBy>
<createdTime>2019-12-16 19:10:24 UTC</createdTime>
<generatorID>F676F7FC-8E07-2CC4-1211-6046D97A1950</generatorID>
<ownerDesignName>Main</ownerDesignName>
<indexState>Foreign Key</indexState>
<isSurrogateKey>false</isSurrogateKey>
<indexColumnUsage>
<colUsage columnID="31F0E596-32F4-11AF-45A5-23B4A0505E18"/>
</indexColumnUsage>
</ind_PK_UK>
</indexes>
</Table>
